TimeFrame,NumberOfWorms,AvgPhosphorous,AvgNitrogen,AvgPotassium,LightIntensity,Temperature,Humidity,Heat,SoilMoisture,Compost,Buzzer
2024-04-15T10:00:00.0000000,30,55,142,127,29,32.7,80,95,1,0,NIL
2024-04-15T10:10:00.0000000,30,55,142,115,29,32.7,81,95,1,0,NIL
2024-04-15T10:20:00.0000000,30,55,140,127.5,29,32.7,81,93,1,0,NIL
2024-04-15T10:30:00.0000000,30,55,140,126,29,32.7,80,90,1,0,NIL
2024-04-15T10:40:00.0000000,30,55,140,127,29,32.7,79,95,1,0,NIL
2024-04-15T10:50:00.0000000,30,55,140,127,29,32.7,78,94,1,0,NIL
2024-04-15T11:00:00.0000000,30,0,0,0,29,33.8,79,93,1,0,NIL
2024-04-15T11:10:00.0000000,30,0,0,0,29,35.3,77,90,1,60,NIL
2024-04-15T11:20:00.0000000,30,0,0,0,29,35,76,90,1,0,NIL
2024-04-15T11:30:00.0000000,30,0,0,0,29,34.9,78,93,1,0,NIL
2024-04-15T11:40:00.0000000,30,0,0,0,33,34.8,78,89,1,0,NIL
2024-04-15T11:50:00.0000000,30,0,0,0,35,35.1,79,92,1,0,NIL
2024-04-15T12:00:00.0000000,30,57.5,67,71.5,70,34.8,80,90,1,0,NIL
2024-04-15T12:10:00.0000000,30,58.5,67,71.5,71,33.3,81,96,1,0,NIL
2024-04-15T12:20:00.0000000,30,58.5,66.5,71.5,72,33.2,81,97,1,0,NIL
2024-04-15T12:30:00.0000000,30,58.5,67,71.5,37,33,82,97,1,0,NIL
2024-04-15T12:40:00.0000000,30,58.5,67,71.5,35,33,83,95,1,0,NIL
2024-04-15T12:50:00.0000000,30,58.5,67,71.5,37,33.5,83,95,1,0,NIL
2024-04-15T13:00:00.0000000,30,58.5,66,71.5,37,33.5,83,95,1,0,NIL
2024-04-15T13:10:00.0000000,30,58.5,67,71.5,34,33.5,82,91,1,0,NIL
2024-04-15T13:20:00.0000000,30,58.5,66.5,71,34,33.5,83,92,1,0,NIL
2024-04-15T13:30:00.0000000,30,58.5,67,71.5,2,33.5,84,93,1,0,NIL
2024-04-15T13:40:00.0000000,30,58.5,67,71,35,33.5,84,94,1,0,NIL
2024-04-15T13:50:00.0000000,30,58.5,66.5,72,35,33.5,84,92,1,0,NIL
2024-04-15T14:00:00.0000000,30,58.5,67,72,34,33.5,93,95,1,0,NIL
2024-04-15T14:10:00.0000000,30,58.5,67,72,34,34.6,83,93,1,0,NIL
2024-04-15T14:20:00.0000000,30,57.5,67,72,35,35.3,83,93,1,0,NIL
2024-04-15T14:30:00.0000000,30,57.5,67,72,36,33.5,79,95,1,0,NIL
2024-04-15T14:40:00.0000000,30,57.5,67,72,36,33.5,79,95,1,0,NIL
2024-04-15T14:50:00.0000000,30,57.5,67,72,36,28.5,79,92,1,0,NIL
2024-04-15T15:00:00.0000000,30,57.5,67,72,35,28.5,79,90,1,0,NIL
2024-04-15T15:10:00.0000000,30,56.5,66,72,34,28.5,77,92,1,0,NIL
2024-04-15T15:20:00.0000000,30,56,67,72,34,28.5,78,93,1,0,NIL
2024-04-15T15:30:00.0000000,30,56,66,71,33,28.5,78,90,1,0,NIL
2024-04-15T15:40:00.0000000,30,56.5,66,72,2,28.5,78,92,1,0,NIL
2024-04-15T15:50:00.0000000,30,56,66,71,35,28.5,77,92,1,0,NIL
2024-04-15T16:00:00.0000000,30,57.5,66,71,34,28.5,77,90,1,0,NIL
2024-04-15T16:10:00.0000000,30,57.5,67,71,33,28.5,77,93,1,0,NIL
2024-04-15T16:20:00.0000000,30,57.5,66.5,71,33,28.5,76,94,1,0,NIL
2024-04-15T16:30:00.0000000,30,57.5,67,69,34,28.5,77,95,1,0,NIL
2024-04-15T16:40:00.0000000,30,57.5,66,71,33,28.5,75,95,1,0,NIL
2024-04-15T16:50:00.0000000,30,57.5,66,70.5,33,28.5,75,95,1,0,NIL
2024-04-15T17:00:00.0000000,30,57.5,66,72,33,28.5,75,95,1,0,NIL
2024-04-15T17:10:00.0000000,30,57.5,67,72,32,28.5,75,95,1,0,NIL
2024-04-15T17:20:00.0000000,30,57.5,66,72,32,28.5,75,95,1,0,NIL
2024-04-15T17:30:00.0000000,30,57.5,66,72,28,28.5,75,95,1,0,NIL
2024-04-15T17:40:00.0000000,30,56,66,71.5,28,28.5,76,95,1,0,NIL
2024-04-15T17:50:00.0000000,30,57.5,66,72,27,28.5,76,95,1,0,NIL
2024-04-15T18:00:00.0000000,30,56,66,72,27,28.5,74,95,1,0,NIL
2024-04-15T18:10:00.0000000,30,56,66,71,29,28.5,75,95,1,0,NIL
2024-04-15T18:20:00.0000000,30,57.5,67,70.5,29,28.5,76,95,1,0,NIL
2024-04-15T18:30:00.0000000,30,57.5,66.5,72,28,28.5,76,95,1,0,NIL
2024-04-15T18:40:00.0000000,30,57.5,67,72,28,28.5,76,95,1,0,NIL
2024-04-15T18:50:00.0000000,30,57.5,66,72,27,28.5,74,95,1,0,NIL
2024-04-15T19:00:00.0000000,30,57.5,66,72,30,28.5,74,95,1,0,NIL
2024-04-16T10:00:00.0000000,28,57.5,66,72,29,28.05,89.52,93,1,0,NIL
2024-04-16T10:10:00.0000000,28,57.5,66,73,29,28.1,88.4,92,1,0,NIL
2024-04-16T10:20:00.0000000,28,57.5,66,72,29,28.15,82.59,93,1,0,NIL
2024-04-16T10:30:00.0000000,28,57.5,66,72,29,28.2,87.13,91,1,0,NIL
2024-04-16T10:40:00.0000000,28,57.5,66,72.5,29,28.25,83.75,91,1,0,NIL
2024-04-16T10:50:00.0000000,28,57.5,66,72,29,28.3,87.77,92,1,0,NIL
2024-04-16T11:00:00.0000000,28,57.5,66,72,29,28.35,85.71,90,1,0,NIL
2024-04-16T11:10:00.0000000,28,60.5,68,72.5,29,28.41,81.84,93,1,0,NIL
2024-04-16T11:20:00.0000000,28,60.5,68,72.5,29,28.46,84.05,92,1,0,NIL
2024-04-16T11:30:00.0000000,28,60.5,68,72.5,29,28.51,88.07,93,1,0,NIL
2024-04-16T11:40:00.0000000,28,60.5,68,73,33,28.57,86,91,1,0,NIL
2024-04-16T11:50:00.0000000,28,60.5,68,73,35,28.63,80.34,92,1,0,NIL
2024-04-16T12:00:00.0000000,28,60.5,68,73.5,70,28.68,78.45,90,1,0,NIL
2024-04-16T12:10:00.0000000,28,60.5,68,73.5,71,28.74,78.29,90,1,0,NIL
2024-04-16T12:20:00.0000000,28,60.5,68,73.5,72,28.79,83.08,92,1,0,NIL
2024-04-16T12:30:00.0000000,28,60.5,68,73.5,37,28.85,78.86,91,1,0,NIL
2024-04-16T12:40:00.0000000,28,61,68,73.5,35,28.91,81.84,91,1,0,NIL
2024-04-16T12:50:00.0000000,28,60.5,68,73.5,37,30.98,78.05,93,1,0,NIL
2024-04-16T13:00:00.0000000,28,61.5,68,73.5,37,31.07,79.08,91,1,0,NIL
2024-04-16T13:10:00.0000000,28,60,68,73.5,34,31.16,75.1,90,1,0,NIL
2024-04-16T13:20:00.0000000,28,60.5,68,72.5,34,31.25,72,90,1,0,NIL
2024-04-16T13:30:00.0000000,28,60.5,68,74,36,31.34,74.66,90,1,0,NIL
2024-04-16T13:40:00.0000000,28,60.5,68,74,35,31.43,77.31,90,1,0,NIL
2024-04-16T13:50:00.0000000,28,60.5,68,74,35,31.52,72.97,92,1,0,NIL
2024-04-16T14:00:00.0000000,28,60.5,68,74,34,31.62,76.47,93,1,0,NIL
2024-04-16T14:10:00.0000000,28,60.5,68,74,34,31.72,77.46,91,1,0,NIL
2024-04-16T14:20:00.0000000,28,60.5,68,74,35,31.82,73.54,90,1,0,NIL
2024-04-16T14:30:00.0000000,28,61,68,74,36,31.92,70.49,90,1,0,NIL
2024-04-16T14:40:00.0000000,28,60.5,68,74,36,32.02,72.61,93,1,0,NIL
2024-04-16T14:50:00.0000000,28,60.5,68,74,36,32.02,71.05,91,1,0,NIL
2024-04-16T15:00:00.0000000,28,60.5,68,74,35,29.81,75.48,90,1,0,NIL
2024-04-16T15:10:00.0000000,28,61.5,68,75,34,31.92,74.12,91,1,0,NIL
2024-04-16T15:20:00.0000000,28,61,68,75,34,31.72,70.93,90,1,0,NIL
2024-04-16T15:30:00.0000000,28,61.5,68,75,33,31.72,73.3,93,1,0,NIL
2024-04-16T15:40:00.0000000,28,60.5,68,72,2,31.72,75.41,92,1,0,NIL
2024-04-16T15:50:00.0000000,28,60.5,68,74.5,35,31.72,72.51,92,1,0,NIL
2024-04-16T16:00:00.0000000,28,60.5,68,74.5,34,30.25,79.93,93,1,0,NIL
2024-04-16T16:10:00.0000000,28,60.5,68,74.5,33,30.32,80.15,90,1,0,NIL
2024-04-16T16:20:00.0000000,28,60.5,68,74.5,33,30.4,79.93,90,1,0,NIL
2024-04-16T16:30:00.0000000,28,60.5,68,74.5,34,30.48,73.82,90,1,0,NIL
2024-04-16T16:40:00.0000000,28,61.5,69.5,74.5,33,30.56,79.12,93,1,0,NIL
2024-04-16T16:50:00.0000000,28,59.5,69.5,74.5,33,30.64,80.19,91,0,0,NIL
2024-04-16T17:00:00.0000000,28,59.5,69.5,74.5,33,30.72,75.68,93,0,0,NIL
2024-04-16T17:10:00.0000000,28,59.5,69.5,74,32,30.81,76.79,91,0,0,NIL
2024-04-16T17:20:00.0000000,28,59.5,69.5,74,32,30.89,72.84,90,0,0,NIL
2024-04-16T17:30:00.0000000,28,59.5,68.5,74,28,28.68,83.4,92,1,0,NIL
2024-04-16T17:40:00.0000000,28,59.5,68,74,28,28.15,80.82,91,1,0,NIL
2024-04-16T17:50:00.0000000,28,59.5,69.5,74,27,28.15,89.2,93,1,0,NIL
2024-04-16T18:00:00.0000000,28,59.5,68,74,27,28.15,89.2,93,1,0,NIL
2024-04-16T18:10:00.0000000,28,61.5,68,74,29,28.15,79.93,90,1,0,NIL
2024-04-16T18:20:00.0000000,28,59,70,75,29,29.3,77.65,91,1,0,NIL
2024-04-16T18:30:00.0000000,28,59.5,70,75,28,29.1,81.31,91,1,0,NIL
2024-04-16T18:40:00.0000000,28,61,70,75,28,28.15,86.32,90,1,0,NIL
2024-04-16T18:50:00.0000000,28,61,70,75,27,28.15,84.05,91,1,0,NIL
2024-04-17T10:00:00.0000000,25,141,163.5,146,42,27.4,98,42,1,0,NIL
2024-04-17T10:10:00.0000000,25,181.5,163.5,146,41,27.4,98,42,1,0,NIL
2024-04-17T10:20:00.0000000,25,142,164,147.5,42,27.4,98,42,1,0,NIL
2024-04-17T10:30:00.0000000,25,149,163.5,146,42,27.4,98,42,1,0,NIL
2024-04-17T10:40:00.0000000,25,163.5,163.5,146,40,27.5,98,45,1,0,NIL
2024-04-17T10:50:00.0000000,25,176,163.5,146,42,27.9,98,42,1,0,NIL
2024-04-17T11:00:00.0000000,25,157,163.5,146,40,27.4,98,42,1,0,NIL
2024-04-17T11:10:00.0000000,25,154,162,146,41,27.8,98,42,1,0,NIL
2024-04-17T11:20:00.0000000,25,158,163.5,146.5,42,27.6,98,42,1,0,NIL
2024-04-17T11:30:00.0000000,25,139.5,164,146,42,27.5,98,41,1,0,NIL
2024-04-17T11:40:00.0000000,25,168.5,163.5,146,42,27.9,98,43,1,0,NIL
2024-04-17T11:50:00.0000000,25,140.5,164,146,42,27.9,98,43,1,0,NIL
2024-04-17T12:00:00.0000000,25,145.5,163,146,41,27.4,98,42,1,0,NIL
2024-04-17T12:10:00.0000000,25,161.5,163.5,146,42,27.4,98,41,1,0,NIL
2024-04-17T12:20:00.0000000,25,156.5,163.5,146,42,27.4,98,45,1,0,NIL
2024-04-17T12:30:00.0000000,25,163,163.5,148,42,27.7,98,45,1,0,NIL
2024-04-17T12:40:00.0000000,25,160,164,147.5,41,27.4,98,43,1,0,NIL
2024-04-17T12:50:00.0000000,25,162.5,164.5,147.5,42,27.8,98,43,1,0,NIL
2024-04-17T13:00:00.0000000,25,161,162,148.5,42,27.5,98,43,1,0,NIL
2024-04-17T13:10:00.0000000,25,158.5,163.5,147.5,42,27.9,98,45,1,0,NIL
2024-04-17T13:20:00.0000000,25,157,163.5,148.5,42,28,98,41,1,0,NIL
2024-04-17T13:30:00.0000000,25,164.5,163.5,146,42,27.9,98,41,1,0,NIL
2024-04-17T13:40:00.0000000,25,159.5,163.5,148.5,42,27.8,98,42,1,0,NIL
2024-04-17T13:50:00.0000000,25,158.5,164.5,146,42,27.8,98,41,1,0,NIL
2024-04-17T14:00:00.0000000,25,158,164,146,42,27.6,98,45,1,0,NIL
2024-04-17T14:10:00.0000000,25,156,163.5,146.5,42,28,98,42,1,0,NIL
2024-04-17T14:20:00.0000000,25,157,163.5,147,40,27.8,98,43,1,0,NIL
2024-04-17T14:30:00.0000000,25,162,163.5,146.5,40,27.8,98,43,1,0,NIL
2024-04-17T14:40:00.0000000,25,160.5,164.5,146,42,28,98,41,1,0,NIL
2024-04-17T14:50:00.0000000,25,160,163,146,42,28,98,44,1,0,NIL
2024-04-17T15:00:00.0000000,25,159.5,163.5,146,40,27.5,98,44,1,0,NIL
2024-04-17T15:10:00.0000000,25,161,163.5,147.5,42,27.4,98,44,1,0,NIL
2024-04-17T15:20:00.0000000,25,159.5,163.5,146,42,27.4,98,41,1,0,NIL
2024-04-17T15:30:00.0000000,25,162,163.5,147,42,27.8,98,41,1,0,NIL
2024-04-17T15:40:00.0000000,25,163.5,163.5,146,42,28,98,42,1,0,NIL
2024-04-17T15:50:00.0000000,25,164,163.5,146,42,27.8,98,41,1,0,NIL
2024-04-17T16:00:00.0000000,25,161.5,165,146,42,27.7,98,42,1,0,NIL
2024-04-17T16:10:00.0000000,25,167.5,163.5,146.5,53,27.8,98,42,1,0,NIL
2024-04-17T16:20:00.0000000,25,165,163.5,146,53,27.5,98,42,1,0,NIL
2024-04-17T16:30:00.0000000,25,164.5,163.5,148.5,53,27.9,98,42,1,0,NIL
2024-04-17T16:40:00.0000000,25,164.5,163.5,147.5,53,28,98,42,1,0,NIL
2024-04-17T16:50:00.0000000,25,162,167,147.5,53,27.4,98,42,1,0,NIL
2024-04-17T17:00:00.0000000,25,165.5,168.5,147.5,53,27.6,98,45,1,0,NIL
2024-04-17T17:10:00.0000000,25,167.5,168.5,147.5,53,27.4,98,42,1,0,NIL
2024-04-17T17:20:00.0000000,25,165,167,147.5,53,27.7,98,43,1,0,NIL
2024-04-17T17:30:00.0000000,25,161.5,167,148.5,53,27.4,98,42,1,0,NIL
2024-04-17T17:40:00.0000000,25,167.5,167,147.5,53,27.6,98,42,1,0,NIL
2024-04-17T17:50:00.0000000,25,166,167,148.5,53,27.4,98,42,1,0,NIL
2024-04-17T18:00:00.0000000,25,160.5,167,155,53,27.4,98,42,1,0,NIL
2024-04-17T18:10:00.0000000,25,166.5,168,151,53,27.4,98,42,1,0,NIL
2024-04-17T18:20:00.0000000,25,166.5,168,152.5,54,27.4,98,45,1,0,NIL
2024-04-17T18:30:00.0000000,25,166.5,168.5,155,53,27.4,98,42,1,0,NIL
2024-04-17T18:40:00.0000000,25,169,167,152.5,51,27.5,98,42,1,0,NIL
2024-04-17T18:50:00.0000000,25,162,167,155,53,27.4,98,42,1,0,NIL
2024-04-18T10:10:00.0000000,25,84.5,167,152.5,51,27.5,83,42,1,0,NIL
2024-04-18T10:20:00.0000000,25,162,167,155,53,27.4,83,42,1,0,NIL
2024-04-18T10:30:00.0000000,25,169,167,152.5,51,27.5,84,42,1,0,NIL
2024-04-18T10:40:00.0000000,25,0,0,0,0,0,0,0,0,0,NIL
2024-04-18T10:50:00.0000000,25,0,0,0,0,0,0,0,0,203,NIL
2024-04-18T11:00:00.0000000,25,0,0,0,0,0,0,0,0,0,NIL
2024-04-18T11:10:00.0000000,25,0,0,0,0,0,0,0,0,0,NIL
2024-04-18T11:20:00.0000000,25,0,0,0,0,0,0,0,0,0,NIL
2024-04-18T11:30:00.0000000,25,0,0,0,0,0,0,0,0,0,NIL
2024-04-18T11:40:00.0000000,25,0,0,0,0,0,0,0,0,0,NIL
2024-04-18T11:50:00.0000000,25,0,0,0,0,0,0,0,0,0,NIL
2024-04-18T12:00:00.0000000,25,43.5,51.5,15.5,29,27.4,84,42,1,0,NIL
2024-04-18T12:10:00.0000000,25,43.5,51.5,15.5,51,27.5,84,52,1,0,NIL
2024-04-18T12:20:00.0000000,25,43.5,51.5,17,26,27.4,84,50,1,0,NIL
2024-04-18T12:30:00.0000000,25,43.5,52,16.5,51,27.5,84,56,1,0,NIL
2024-04-18T12:40:00.0000000,25,43.5,52,17.5,53,27.4,84,50,1,0,NIL
2024-04-18T12:50:00.0000000,25,43.5,53,17,51,27.5,84,53,1,0,NIL
2024-04-18T13:00:00.0000000,25,45,51.5,15.5,29,27.4,84,49,1,0,NIL
2024-04-18T13:10:00.0000000,25,44,52,15.5,26,27.5,84,47,1,0,NIL
2024-04-18T13:20:00.0000000,25,44.5,53,17,26,27.4,84,43,1,0,NIL
2024-04-18T13:30:00.0000000,25,44.5,53,16.5,25,27.5,84,49,1,0,NIL
2024-04-18T13:40:00.0000000,25,44,52,17,29,27.4,84,48,1,0,NIL
2024-04-18T13:50:00.0000000,25,45,52.5,17,27,27.5,84,49,1,0,NIL
2024-04-18T14:00:00.0000000,25,45,51.5,16.5,27,27.4,84,51,1,0,NIL
2024-04-18T14:10:00.0000000,25,46.5,53,16.5,27,27.5,84,45,1,0,NIL
2024-04-18T14:20:00.0000000,25,45.5,53,17,27,27.4,84,46,1,0,NIL
2024-04-18T14:30:00.0000000,25,46,51.5,17.5,26,27.5,84,56,1,0,NIL
2024-04-18T14:40:00.0000000,25,43,51.5,17,26,27.4,84,52,1,0,NIL
2024-04-18T14:50:00.0000000,25,46.5,52,16,25,27.5,75,53,1,0,NIL
2024-04-18T15:00:00.0000000,25,46,51.5,16,44,27.4,79,54,1,0,NIL
2024-04-18T15:10:00.0000000,25,45.5,52,16,43,27.5,79,53,1,0,NIL
2024-04-18T15:20:00.0000000,25,46,52.5,17.5,42,27.4,76,60,1,0,NIL
2024-04-18T15:30:00.0000000,25,44,52.5,17,43,27.5,75,43,1,0,NIL
2024-04-18T15:40:00.0000000,25,45,51.5,17,25,27.4,78,57,1,0,NIL
2024-04-18T15:50:00.0000000,25,45,51.5,16.5,26,27.5,77,55,1,0,NIL
2024-04-18T16:00:00.0000000,25,44,52,17.5,30,27.4,79,46,1,0,NIL
2024-04-18T16:10:00.0000000,25,47,52.5,16.5,28,27.5,78,55,1,0,NIL
2024-04-18T16:20:00.0000000,25,45,53,17.5,27,27.4,76,46,1,0,NIL
2024-04-18T16:30:00.0000000,25,44.5,52,16,25,27.5,76,63,1,0,NIL
2024-04-18T16:40:00.0000000,25,46,51.5,15.5,30,27.4,79,61,1,0,NIL
2024-04-18T16:50:00.0000000,25,44,53,21.5,25,27.5,75,58,1,0,NIL
2024-04-18T17:00:00.0000000,25,45,53,21,26,27.4,75,55,1,0,NIL
2024-04-18T17:10:00.0000000,25,43.5,53.5,20.5,25,27.5,76,62,1,0,NIL
2024-04-18T17:20:00.0000000,25,45,54.5,22,27,27.4,79,58,1,0,NIL
2024-04-18T17:30:00.0000000,25,43.5,53,21.5,25,27.5,77,55,1,0,NIL
2024-04-18T17:40:00.0000000,25,46,53,22,28,27.4,75,55,1,0,NIL
2024-04-18T17:50:00.0000000,25,43.5,53.5,21.5,25,27.5,77,61,1,0,NIL
2024-04-18T18:00:00.0000000,25,45.5,53.5,20,29,27.4,75,43,1,0,NIL
2024-04-18T18:10:00.0000000,25,46,52,20.5,30,27.5,77,63,1,0,NIL
2024-04-18T18:20:00.0000000,25,45,53,19.5,26,27.4,76,53,1,0,NIL
2024-04-18T18:30:00.0000000,25,44.5,52,21.5,26,27.5,77,54,1,0,NIL
2024-04-18T18:40:00.0000000,25,46,53.5,20.5,26,28.8,79,63,1,0,NIL
2024-04-18T18:50:00.0000000,25,44.5,52.5,20.5,29,28.5,56,39.3,1,0,NIL
2024-04-18T19:00:00.0000000,25,45,52,20,27,28,56,40,1,0,NIL
2024-04-18T19:10:00.0000000,25,45,52.5,20,27,28.3,56,39.58,1,0,NIL
2024-04-18T19:20:00.0000000,25,46.5,52.5,21,29,28.6,56,39.16,1,0,NIL
2024-04-18T19:30:00.0000000,25,46,52,22,28,28,56,40,1,0,NIL
2024-04-18T19:40:00.0000000,25,44,52,21.5,26,29,56,38.62,1,0,NIL
2024-04-18T19:50:00.0000000,25,43.5,53,20.5,30,28.2,56,39.72,1,0,NIL
2024-04-18T20:00:00.0000000,25,45,52.5,20,25,28.5,56,39.3,1,0,NIL
2024-04-18T20:10:00.0000000,25,44.5,52,21.5,28,28.1,56,39.86,1,0,NIL
2024-04-18T20:20:00.0000000,25,45,51.5,21.5,26,28,56,40,1,0,NIL
2024-04-18T20:30:00.0000000,25,46,51.5,21,29,28.4,56,39.44,1,0,NIL
2024-04-18T20:40:00.0000000,25,46.5,53,20.5,44,29,56,38.62,1,0,NIL
2024-04-18T20:50:00.0000000,25,45,51.5,20.5,44,28.2,56,39.72,1,0,NIL
2024-04-18T21:00:00.0000000,25,44,52.5,19.5,45,28.1,56,39.86,1,0,NIL
2024-04-18T21:10:00.0000000,25,45,51.5,22,41,28.2,56,39.72,1,0,NIL
2024-04-18T21:20:00.0000000,25,46,51.5,21.5,44,28.6,56,39.16,1,0,NIL
2024-04-18T21:30:00.0000000,25,44,51.5,22,42,28.3,56,39.58,1,0,NIL
2024-04-18T21:40:00.0000000,25,45.5,51.5,19.5,41,29,56,38.62,1,0,NIL
2024-04-18T21:50:00.0000000,25,46.5,51.5,20.5,45,28.2,56,39.72,1,0,NIL
2024-05-01T10:00:00.0000000,20,145,160.5,101.5,30,28.9,84,56.68,1,0,NIL
2024-05-01T10:10:00.0000000,20,146.5,159,109,30,28.6,85,58.36,1,0,NIL
2024-05-01T10:20:00.0000000,20,147,154.5,104,30,28.5,85,58.57,1,0,NIL
2024-05-01T10:30:00.0000000,20,146,155.5,106,30,28.2,84,57.47,1,0,NIL
2024-05-01T10:40:00.0000000,20,146,157.5,103.5,30,28.4,83,55.81,1,0,NIL
2024-05-01T10:50:00.0000000,20,145,157,102,30,28.4,82,56.11,1,0,NIL
2024-05-01T11:00:00.0000000,20,147,155.5,105.5,30,28.3,81,55.81,1,0,NIL
2024-05-01T11:10:00.0000000,20,145,160,108,30,28.7,88,60.85,1,0,NIL
2024-05-01T11:20:00.0000000,20,146.5,158,108.5,30,28.3,82,56.9,1,0,NIL
2024-05-01T11:30:00.0000000,20,146,157,107,30,28.3,84,57.07,1,0,NIL
2024-05-01T11:40:00.0000000,20,147,161.5,109,34,28.3,85,57.95,1,0,NIL
2024-05-01T11:50:00.0000000,20,147,156.5,101,32,28.4,85,58.36,1,0,NIL
2024-05-01T12:00:00.0000000,20,146.5,157,101,32,28.4,85,58.36,1,0,NIL
2024-05-01T12:10:00.0000000,20,146,162.5,107.5,33,28.3,90,60.52,1,0,NIL
2024-05-01T12:20:00.0000000,20,145.5,156.5,105.5,33,29,90,61.58,1,0,NIL
2024-05-01T12:30:00.0000000,20,146,157,105.5,34,28.4,93,64.31,1,0,NIL
2024-05-01T12:40:00.0000000,20,146,163,104,31,28.6,92,62.08,1,0,NIL
2024-05-01T12:50:00.0000000,20,146,156,108,31,28.6,92,62.95,1,0,NIL
2024-05-01T13:00:00.0000000,20,147,156.5,102.5,32,28.9,92,64.07,1,0,NIL
2024-05-01T13:10:00.0000000,20,145.5,157,107.5,30,28.9,91,61.4,1,0,NIL
2024-05-01T13:20:00.0000000,20,146,158,104.5,32,28.1,94,65,1,0,NIL
2024-05-01T13:30:00.0000000,20,145.5,160.5,107.5,32,28,86,59.68,1,0,NIL
2024-05-01T13:40:00.0000000,20,145.5,158.5,103,34,28.5,84,57.68,1,0,NIL
2024-05-01T13:50:00.0000000,20,146.5,159,105.5,34,28.4,82,56.3,1,0,NIL
2024-05-01T14:00:00.0000000,20,145.5,158.5,108.5,50,28.7,82,56.3,1,0,NIL
2024-05-01T14:10:00.0000000,20,146.5,155.5,104,54,29,83,55.81,1,100,NIL
2024-05-01T14:20:00.0000000,20,145.5,156,109,53,28.9,81,55.62,1,0,NIL
2024-05-01T14:30:00.0000000,20,147,155,103,30,28.4,80,54.17,1,0,NIL
2024-05-01T14:40:00.0000000,20,146.5,154.5,105.5,30,29,79,53.12,1,0,NIL
2024-05-01T14:50:00.0000000,20,146.5,160.5,105,30,28.3,79,53.49,1,0,NIL
2024-05-01T15:00:00.0000000,20,146,159.5,110,30,28.2,78,53.75,1,0,NIL
2024-05-01T15:10:00.0000000,20,146,158,106.5,30,28.5,78,53.94,1,0,NIL
2024-05-01T15:20:00.0000000,20,145.5,155.5,104.5,30,28.3,78,53.75,1,0,NIL
2024-05-01T15:30:00.0000000,20,145,161.5,111.5,30,28.3,76,52.18,1,0,NIL
2024-05-01T15:40:00.0000000,20,146.5,161,104,30,28,76,51.46,1,0,NIL
2024-05-01T15:50:00.0000000,20,146.5,155.5,109,30,28.3,75,51.14,1,0,NIL
2024-05-01T16:00:00.0000000,20,146,154,104.5,30,28.2,77,51.96,1,0,NIL
2024-05-01T16:10:00.0000000,20,146.5,162,109,30,28.3,76,51.46,1,0,NIL
2024-05-01T16:20:00.0000000,20,146.5,158,106.5,30,28.5,76,52,1,0,NIL
2024-05-01T16:30:00.0000000,20,147,163.5,105.5,30,28.5,75,51.32,1,0,NIL
2024-05-01T16:40:00.0000000,20,146.5,157.5,106.5,30,28.5,75,51.32,1,0,NIL
2024-05-01T16:50:00.0000000,20,146,160,107,30,28.5,74,50.63,1,0,NIL
2024-05-01T17:00:00.0000000,20,146.5,159.5,105,30,28.5,77,52.68,1,0,NIL
2024-05-01T17:10:00.0000000,20,146.5,161,104,30,28.5,77,52.68,1,0,NIL
2024-05-01T17:20:00.0000000,20,145,162,110,30,28.5,77,52.68,1,0,NIL
2024-05-01T17:30:00.0000000,20,147,162.5,104.5,30,28.5,77,52.68,1,0,NIL
2024-05-01T17:40:00.0000000,20,145.5,159,106.5,30,28.5,76,52,1,0,NIL
2024-05-01T17:50:00.0000000,20,146,157.5,106,30,28.5,76,52,1,0,NIL
2024-05-01T18:00:00.0000000,20,147,158,111,30,28.5,78,53.37,1,0,NIL
2024-05-01T18:10:00.0000000,20,146,160.5,111.5,30,28.5,74,50.63,1,0,NIL
2024-05-01T18:20:00.0000000,20,146.5,156.5,112.5,30,28.5,73,49.95,1,0,NIL
2024-05-01T18:30:00.0000000,20,150,159.5,106.5,30,28.5,72,49.26,1,0,NIL
2024-05-01T18:40:00.0000000,20,153,160.5,105.5,30,28.5,71,48.58,1,0,NIL
2024-05-01T18:50:00.0000000,20,152.5,160.5,110.5,30,28.5,70,47.89,1,0,NIL
2024-05-01T19:00:00.0000000,20,151,165,110,30,28.5,70,47.89,1,0,NIL
2024-05-01T19:10:00.0000000,20,151,158.5,107,30,28.5,70,47.89,1,0,NIL
2024-05-01T19:20:00.0000000,20,150,158,104.5,30,28.5,69,47.21,1,0,NIL
2024-05-01T19:30:00.0000000,20,152,161,108.5,30,28.5,69,47.21,1,0,NIL
2024-05-01T19:40:00.0000000,20,151.5,162,109.5,30,27.9,72,50.32,1,0,NIL
2024-05-01T19:50:00.0000000,20,151,159.5,109,30,28,73,50.84,1,0,NIL
2024-05-01T20:00:00.0000000,20,151,158,113,30,27.9,73,51.02,1,0,NIL
2024-05-01T20:10:00.0000000,20,151,165.5,108.5,30,27.7,73,51.39,1,0,NIL
2024-05-01T20:20:00.0000000,20,151.5,163.5,113,30,28,72,50.14,1,0,NIL
2024-05-01T20:30:00.0000000,20,152,165,108.5,30,28,72,50.14,1,0,NIL
2024-05-01T20:40:00.0000000,20,152.5,160.5,107.5,30,28,72,50.14,1,0,NIL
2024-05-01T20:50:00.0000000,20,151,159,105.5,30,27.4,73,51.95,1,0,NIL
2024-05-01T21:00:00.0000000,20,151,163.5,105.5,30,27.4,74,52.66,1,0,NIL
2024-05-01T21:10:00.0000000,20,151.5,162,111,30,27.4,74,52.66,1,0,NIL
2024-05-01T21:20:00.0000000,20,151.5,167,109,30,27.4,74,52.66,1,0,NIL
2024-05-01T21:30:00.0000000,20,150.5,160,107,30,27.4,72,51.24,1,0,NIL
2024-05-01T21:40:00.0000000,20,152,161.5,109,30,27.5,75,53.38,1,0,NIL
2024-05-01T21:50:00.0000000,20,152,159,110,30,27.9,75,53.38,1,0,NIL
2024-05-01T22:00:00.0000000,20,150.5,161.5,109.5,30,27.8,72,51.24,1,0,NIL
2024-05-01T22:10:00.0000000,20,151.5,163,105,30,27.4,72,51.24,1,0,NIL
2024-05-01T22:20:00.0000000,20,151,160.5,107.5,30,27.5,72,51.05,1,0,NIL
2024-05-01T22:30:00.0000000,20,150.5,162,110,30,27.4,72,51.24,1,0,NIL
2024-05-01T22:40:00.0000000,20,150.5,159,109.5,30,27.4,72,51.24,1,0,NIL
2024-05-01T22:50:00.0000000,20,151.5,158.5,108.5,30,27.4,72,51.24,1,0,NIL
2024-05-01T23:00:00.0000000,20,152,161,108,30,27.4,71,50.53,1,0,NIL
2024-05-01T23:10:00.0000000,20,151.5,161.5,109.5,30,27.4,72,51.24,1,0,NIL
2024-05-01T23:20:00.0000000,20,151,165,105.5,30,27.4,72,51.24,1,0,NIL
2024-05-01T23:30:00.0000000,20,153,164.5,108.5,30,27.4,72,51.24,1,0,NIL
2024-05-01T23:40:00.0000000,20,153,161.5,108.5,30,27.4,71,50.53,1,0,NIL
2024-05-01T23:50:00.0000000,20,152.5,161.5,111.5,30,27.4,70,49.82,1,0,NIL
2024-05-02T09:20:00.0000000,20,145,161.5,116,30,29.1,71,47.58,1,0,NIL
2024-05-02T09:30:00.0000000,20,146.5,167.5,112.5,32,31.3,71,44.23,1,0,NIL
2024-05-02T09:40:00.0000000,20,147,165.5,115,32,28.7,71,48.24,1,0,NIL
2024-05-02T09:50:00.0000000,20,146,168,114.5,32,32.8,71,42.21,1,0,NIL
2024-05-02T10:00:00.0000000,20,146,167.5,115.5,32,28.5,71,48.58,1,0,NIL
2024-05-02T10:10:00.0000000,20,145,167,116,30,31.5,71,43.95,1,0,NIL
2024-05-02T10:20:00.0000000,20,147,168.5,114,32,28.5,71,48.58,1,0,NIL
2024-05-02T10:30:00.0000000,20,145,164.5,115.5,31,28.5,71,48.58,1,0,NIL
2024-05-02T10:40:00.0000000,20,146.5,170,112,32,32.1,71,43.13,1,0,NIL
2024-05-02T10:50:00.0000000,20,146,168,115.5,31,28.5,71,48.58,1,0,NIL
2024-05-02T11:00:00.0000000,20,147,166.5,112,29,28.5,71,48.58,1,0,NIL
2024-05-02T11:10:00.0000000,20,147,162.5,113,32,30.5,71,45.39,1,0,NIL
2024-05-02T11:20:00.0000000,20,146.5,167.5,118.5,30,30.2,71,45.84,1,0,NIL
2024-05-02T11:30:00.0000000,20,146,165.5,114.5,31,28.5,71,48.58,1,0,NIL
2024-05-02T11:40:00.0000000,20,145.5,164,118,32,28.5,71,48.58,1,0,NIL
2024-05-02T11:50:00.0000000,20,146,167,119,30,28.5,71,48.58,1,0,NIL
2024-05-02T12:00:00.0000000,20,146,166.5,114,31,28.5,71,48.58,1,0,NIL
2024-05-02T12:10:00.0000000,20,146,163.5,119.5,31,28.5,71,48.58,1,0,NIL
2024-05-02T12:20:00.0000000,20,147,171.5,116,31,28.5,71,48.58,1,0,NIL
2024-05-02T12:30:00.0000000,20,145.5,168,115.5,30,28.5,71,48.58,1,0,NIL
2024-05-02T12:40:00.0000000,20,146,171,111.5,32,28.7,71,48.24,1,0,NIL
2024-05-02T12:50:00.0000000,20,145.5,167.5,117,30,28.4,71,48.75,1,0,NIL
2024-05-02T13:00:00.0000000,20,145.5,172,113,29,28.4,71,48.75,1,0,NIL
2024-05-02T13:10:00.0000000,20,146.5,172,114.5,32,28.4,71,48.75,1,0,NIL
2024-05-02T13:20:00.0000000,20,145.5,167,115,31,28.2,71,49.1,1,0,NIL
2024-05-02T13:30:00.0000000,20,146.5,171,115.5,29,28.1,71,49.27,1,0,NIL
2024-05-02T13:40:00.0000000,20,145.5,166.5,113,32,28.6,71,48.41,1,0,NIL
2024-05-02T13:50:00.0000000,20,147,165.5,116,30,31.5,71,43.95,1,0,NIL
2024-05-02T14:00:00.0000000,20,146.5,171,117.5,29,31.5,70,43.33,1,0,NIL
2024-05-02T14:10:00.0000000,20,73,0,0,50,32.9,71,42.08,1,0,NIL
2024-05-02T14:20:00.0000000,20,72.5,0,0,54,31.3,73,45.48,1,0,NIL
2024-05-02T14:30:00.0000000,20,72.5,0,0,53,32.1,73,44.35,0,103,NIL
2024-05-02T14:40:00.0000000,20,88,29.5,121,30,32.6,73,43.67,0,0,NIL
2024-05-02T14:50:00.0000000,20,87.5,29,118.5,30,32.6,73,43.67,0,0,NIL
2024-05-02T15:00:00.0000000,20,89,26,119,30,33,74,43.73,1,0,NIL
2024-05-02T15:10:00.0000000,20,94,28.5,120.5,30,31.3,74,46.1,1,0,NIL
2024-05-02T15:20:00.0000000,20,94.5,28.5,119,30,32.6,74,44.26,1,0,NIL
2024-05-02T15:30:00.0000000,20,94,29,121.5,32,31.5,75,46.43,1,0,NIL
2024-05-02T15:40:00.0000000,20,94,30,122,32,31.6,75,46.28,1,0,NIL
2024-05-02T15:50:00.0000000,20,95,30,119,32,31.7,76,46.75,1,0,NIL
2024-05-02T16:00:00.0000000,20,95,31,121.5,32,31.5,78,48.29,1,0,NIL
2024-05-02T16:10:00.0000000,20,93.5,32.5,120.5,32,28.5,76,52,1,0,NIL
2024-05-02T16:20:00.0000000,20,94.5,32,122.5,31,28.5,76,52,1,0,NIL
2024-05-02T16:30:00.0000000,20,95,32.5,122.5,31,28.5,75,51.32,1,0,NIL
2024-05-02T16:40:00.0000000,20,94.5,33,121.5,31,28.5,76,52,1,0,NIL
2024-05-02T16:50:00.0000000,20,95.5,33.5,118,30,28.5,76,52,1,0,NIL
2024-05-02T17:00:00.0000000,20,94.5,33,119,32,28.5,78,53.37,1,0,NIL
2024-05-02T17:10:00.0000000,20,95.5,33,120.5,32,28.5,78,53.37,1,0,NIL
2024-05-02T17:20:00.0000000,20,96,32.5,121.5,32,28.5,76,52,1,0,NIL
2024-05-02T17:30:00.0000000,20,94.5,33,122,32,28.5,77,52.68,1,0,NIL
2024-05-02T17:40:00.0000000,20,94.5,33.5,119.5,31,28.5,77,52.68,1,0,NIL
2024-05-02T17:50:00.0000000,20,96.5,33.5,122,31,28.5,28.9,19.77,1,0,NIL
2024-05-02T18:00:00.0000000,20,98,34.5,119.5,32,28.5,80,54.74,1,0,NIL
2024-05-02T18:10:00.0000000,20,98,37.5,121,32,28.5,82,56.11,1,0,NIL
2024-05-02T18:20:00.0000000,20,97,38.5,121,33,28.5,83,56.79,1,0,NIL
2024-05-02T18:30:00.0000000,20,96,39,121,28,28.5,83,56.79,1,0,NIL
2024-05-02T18:40:00.0000000,20,95.5,39,122.5,27,28.5,82,56.11,1,0,NIL
2024-05-02T18:50:00.0000000,20,97.5,39.5,121,27,28.5,82,56.11,1,0,NIL
2024-05-02T19:00:00.0000000,20,97.5,39.5,121.5,25,27.9,81,56.61,1,0,NIL
2024-05-02T19:10:00.0000000,20,97,39.5,121.5,25,28,80,55.71,1,0,NIL
2024-05-02T19:20:00.0000000,20,98,39.5,121,25,27.9,80,55.91,1,0,NIL
2024-05-02T19:30:00.0000000,20,97,42.5,122,25,27.7,80,56.32,1,0,NIL
2024-05-02T19:40:00.0000000,20,98.5,43,120,26,28,81,56.41,1,0,NIL
2024-05-02T19:50:00.0000000,20,99,43.5,121.5,26,28,81,56.41,1,0,NIL
2024-05-02T20:00:00.0000000,20,99.5,43.5,121.5,26,28,82,57.11,1,0,NIL
2024-05-02T20:10:00.0000000,20,99.5,44.5,118.5,24,27.4,82,58.36,1,0,NIL
2024-05-02T20:20:00.0000000,20,99.5,44.5,121.5,24,27.4,81,57.65,1,0,NIL
2024-05-02T20:30:00.0000000,20,99,45.5,121,22,27.4,80,56.93,1,0,NIL
2024-05-02T20:40:00.0000000,20,100,45,119,21,27.4,81,57.65,1,0,NIL
2024-05-02T20:50:00.0000000,20,99,44.5,123,22,27.4,81,57.65,1,0,NIL
2024-05-02T21:00:00.0000000,20,99.5,45.5,122,6,27.6,82,57.93,1,0,NIL
2024-05-02T21:10:00.0000000,20,101,45.5,120.5,6,27.6,83,58.64,1,0,NIL
2024-05-02T21:20:00.0000000,20,102.5,47.5,118.5,5,27.7,83,58.43,1,0,NIL
2024-05-02T21:30:00.0000000,20,103.5,46,121.5,6,27.1,84,60.44,1,0,NIL
2024-05-02T21:40:00.0000000,20,102.5,46,122,7,27,84,60.67,1,0,NIL
2024-05-02T21:50:00.0000000,20,103.5,48.5,124,7,27,85,61.39,1,0,NIL
2024-05-02T22:00:00.0000000,20,104,49,123,7,27.3,85,60.71,1,0,NIL
2024-05-02T22:10:00.0000000,20,103,49.5,121,8,27.2,85,60.94,1,0,NIL
2024-05-02T22:20:00.0000000,20,104.5,49,121.5,8,27.2,86,61.65,1,0,NIL
2024-05-02T22:30:00.0000000,20,106,49.5,121,8,27,83,59.94,1,0,NIL
2024-05-02T22:40:00.0000000,20,104.5,52,119.5,7,27.1,83,59.72,1,0,NIL
2024-05-02T22:50:00.0000000,20,106.5,52.5,120,7,27.2,83,59.5,1,0,NIL
2024-05-02T23:00:00.0000000,20,108,52.5,120.5,6,27,83,59.94,1,0,NIL
2024-05-02T23:10:00.0000000,20,108,52.5,119,6,27.3,84,60,1,0,NIL
2024-05-02T23:20:00.0000000,20,108.5,54,123.5,6,27.7,82,57.73,1,0,NIL
2024-05-03T08:40:00.0000000,20,35.5,95,110.5,32,31,73,45.92,1,0,NIL
2024-05-03T08:50:00.0000000,20,35.5,32,121.5,30,31.2,73,45.62,1,0,NIL
2024-05-03T09:00:00.0000000,20,35.5,97.5,115.5,31,30.3,72,46.34,1,0,NIL
2024-05-03T09:10:00.0000000,20,35,34.5,123,31,30.2,74,47.78,1,0,NIL
2024-05-03T09:20:00.0000000,20,37,33.5,120,33,31,73,45.92,1,0,NIL
2024-05-03T09:30:00.0000000,20,34,32,120.5,31,31.3,74,46.1,1,0,NIL
2024-05-03T09:40:00.0000000,20,35.5,33.5,120.5,32,31.2,74,46.25,1,0,NIL
2024-05-03T09:50:00.0000000,20,35.5,32.5,111,34,31.5,73,45.19,1,0,NIL
2024-05-03T10:00:00.0000000,20,33,31.5,120,33,31.5,74,45.81,1,0,NIL
2024-05-03T10:10:00.0000000,20,33,35,123,32,31.5,73,45.19,1,0,NIL
2024-05-03T10:20:00.0000000,20,33,31.5,119,33,31.5,73,45.19,1,0,NIL
2024-05-03T10:30:00.0000000,20,34.5,33,122,34,31.5,73,45.19,1,0,NIL
2024-05-03T10:40:00.0000000,20,33,32.5,118,32,31.5,74,45.81,1,0,NIL
2024-05-03T10:50:00.0000000,20,33.5,31.5,119,31,31.2,72,45,1,0,NIL
2024-05-03T11:00:00.0000000,20,32,35,121.5,34,31.2,74,46.25,1,0,NIL
2024-05-03T11:10:00.0000000,20,33,31.5,119.5,34,31.2,72,45,1,0,NIL
2024-05-03T11:20:00.0000000,20,32.5,34,119.5,30,31.2,74,46.25,1,0,NIL
2024-05-03T11:30:00.0000000,20,33,30.5,112,34,31.2,74,46.25,1,0,NIL
2024-05-03T11:40:00.0000000,20,35.5,33.5,115.5,30,31.2,73,45.62,1,0,NIL
2024-05-03T11:50:00.0000000,20,32.5,33,120.5,32,31.2,74,46.25,1,0,NIL
2024-05-03T12:00:00.0000000,20,34,34.5,115.5,46,31.2,73,45.62,1,0,NIL
2024-05-03T12:10:00.0000000,20,33.5,34,106,44,31.2,72,45,1,0,NIL
2024-05-03T12:20:00.0000000,20,32,31.5,120,43,30.1,72,45.88,1,0,NIL
2024-05-03T12:30:00.0000000,20,34.5,102.5,119,45,31.3,74,47.94,1,0,NIL
2024-05-03T12:40:00.0000000,20,34.5,99.5,121.5,45,30.6,72,45.73,1,0,NIL
2024-05-03T12:50:00.0000000,20,31.5,102.5,120,44,31.2,73,45.48,1,0,NIL
2024-05-03T13:00:00.0000000,20,31.5,99,120,44,31.2,73,46.98,1,0,NIL
2024-05-03T13:10:00.0000000,20,34.5,101,121.5,45,30.6,74,45.81,1,0,NIL
2024-05-03T13:20:00.0000000,20,33,99.5,116.5,43,30.1,73,46.98,1,0,NIL
2024-05-03T13:30:00.0000000,20,34,101,120.5,46,31.5,76,47.81,1,0,NIL
2024-05-03T13:40:00.0000000,20,35.5,100.5,121.5,43,30.5,72,45,1,0,NIL
2024-05-03T13:50:00.0000000,20,35.5,97,120.5,47,30.1,82,53.12,1,0,NIL
2024-05-03T14:00:00.0000000,20,37,98.5,119,43,30,77,47.67,1,0,NIL
2024-05-03T14:10:00.0000000,20,34.5,102.5,120.5,44,31.3,78,49.06,1,0,NIL
2024-05-03T14:20:00.0000000,20,35,103.5,114,47,30.5,76,48.43,1,0,NIL
2024-05-03T14:30:00.0000000,20,35,100,118.5,45,31.4,75,46.73,1,0,NIL
2024-05-03T14:40:00.0000000,20,37.5,101,122.5,45,31.2,72,46.03,1,0,NIL
2024-05-03T14:50:00.0000000,20,35.5,98.5,121.5,43,31.1,76,47.35,1,0,NIL
2024-05-03T15:00:00.0000000,20,36.5,98.5,121,47,31,76,49.4,1,0,NIL
2024-05-03T15:10:00.0000000,20,37,102,124,45,31.3,75,47.18,1,0,NIL
2024-05-03T15:20:00.0000000,20,34.5,99,117,43,31.5,74,47.31,1,0,NIL
2024-05-03T15:30:00.0000000,20,36,104,120,43,28.9,81,54.65,1,0,NIL
2024-05-03T15:40:00.0000000,20,36,99.5,131,46,28.6,82,55.91,1,0,NIL
2024-05-03T15:50:00.0000000,20,36.5,99,122.5,47,28.6,73,49.77,1,0,NIL
2024-05-03T16:00:00.0000000,20,33,98.5,118.5,46,28.6,73,49.77,1,0,NIL
2024-05-03T16:10:00.0000000,20,34,100.5,121.5,43,28.6,80,54.55,1,0,NIL
2024-05-03T16:20:00.0000000,20,35.5,102,122,45,28.6,76,51.82,1,0,NIL
2024-05-03T16:30:00.0000000,20,35.5,104,118.5,44,28.9,77,51.96,1,0,NIL
2024-05-03T16:40:00.0000000,20,33.5,102,117,44,28.9,75,50.61,1,0,NIL
2024-05-03T16:50:00.0000000,20,36.5,98,120.5,45,28.9,80,53.98,1,0,NIL
2024-05-03T17:00:00.0000000,20,36,101,123.5,47,28.7,76,51.64,1,0,NIL
2024-05-03T17:10:00.0000000,20,35.5,98.5,119.5,44,28.9,76,51.28,1,0,NIL
2024-05-03T17:20:00.0000000,20,34.5,102,133,47,28.7,75,50.96,1,0,NIL
2024-05-03T17:30:00.0000000,20,39.5,98.5,121,30,28.8,78,52.81,1,0,NIL
2024-05-03T17:40:00.0000000,20,38.5,102.5,130.5,33,28.7,74,50.28,1,0,NIL
2024-05-03T17:50:00.0000000,20,38,99,122,3,28.8,76,51.46,1,0,NIL
2024-05-03T18:00:00.0000000,20,37.5,104,120.5,2,28.8,74,50.1,1,0,NIL
2024-05-03T18:10:00.0000000,20,37,101,131,1,28.9,73,49.26,1,0,NIL
2024-05-03T18:20:00.0000000,20,39,102,111.5,4,28.9,72,48.58,1,0,NIL
2024-05-03T18:30:00.0000000,20,38,101,129.5,3,28.9,72,48.58,1,0,NIL
2024-05-03T18:40:00.0000000,20,37.5,103.5,121,4,27.9,72,50.32,1,0,NIL
2024-05-03T18:50:00.0000000,20,37,105,121,2,27.7,73,51.39,1,0,NIL
2024-05-03T19:00:00.0000000,20,37.5,102,120.5,1,28,69,48.05,1,0,NIL
2024-05-03T19:10:00.0000000,20,39,103,143,1,28.9,67,45.21,1,0,NIL
2024-05-03T19:20:00.0000000,20,37,100,119,1,28,67,46.66,1,0,NIL
2024-05-03T19:30:00.0000000,20,39.5,102,121,2,28.9,67,45.21,1,0,NIL
2024-05-03T19:40:00.0000000,20,38,104,113,4,27.4,68,48.39,1,0,NIL
2024-05-03T19:50:00.0000000,20,38,99,124.5,4,27.4,68,48.39,1,0,NIL
2024-05-03T20:00:00.0000000,20,38.5,101,134.5,4,27.4,68,50.39,1,0,NIL
2024-05-03T20:10:00.0000000,20,38,100.5,119,1,27.4,69,51.11,1,0,NIL
2024-05-03T20:20:00.0000000,20,39,101.5,125,3,27.4,69,50.11,1,0,NIL
2024-05-03T20:30:00.0000000,20,37,99,114.5,1,27.4,67,49.68,1,0,NIL
2024-05-03T20:40:00.0000000,20,39.5,102,120,2,27.4,66,48.97,1,0,NIL
2024-05-03T20:50:00.0000000,20,38.5,103.5,120,4,27.4,67,48.68,1,0,NIL
2024-05-03T21:00:00.0000000,20,37.5,105,115,3,27.5,68,49.22,1,0,NIL
2024-05-03T21:10:00.0000000,20,38,100.5,125,2,27.4,66,48.97,1,0,NIL
2024-05-03T21:20:00.0000000,20,37.5,100.5,116,2,27.4,66,47.97,1,0,NIL
2024-05-03T21:30:00.0000000,20,39.5,101,119.5,1,27.4,67,49.68,1,0,NIL
2024-05-04T08:40:00.0000000,20,35.5,95,139,32,31,73,45.92,1,0,NIL
2024-05-04T08:50:00.0000000,20,35.5,33.5,142.5,30,31.2,73,45.62,1,0,NIL
2024-05-04T09:00:00.0000000,20,35.5,98.5,140,31,30.3,72,46.34,1,0,NIL
2024-05-04T09:10:00.0000000,20,35,33,144.5,31,30.2,74,47.78,1,0,NIL
2024-05-04T09:20:00.0000000,20,37,35.5,138.5,33,31,73,45.92,1,0,NIL
2024-05-04T09:30:00.0000000,20,34,35.5,141,31,31.3,74,46.1,1,0,NIL
2024-05-04T09:40:00.0000000,20,35.5,35,141.5,32,31.2,74,46.25,1,0,NIL
2024-05-04T09:50:00.0000000,20,35.5,31.5,144.5,34,31.5,73,45.19,1,0,NIL
2024-05-04T10:00:00.0000000,20,33,33,141,33,31.5,74,45.81,1,0,NIL
2024-05-04T10:10:00.0000000,20,33,36,145,32,31.5,73,45.19,1,0,NIL
2024-05-04T10:20:00.0000000,20,33,35.5,140,33,31.5,73,45.19,1,0,NIL
2024-05-04T10:30:00.0000000,20,34.5,35,143.5,34,31.5,73,45.19,1,0,NIL
2024-05-04T10:40:00.0000000,20,33,30.5,137.5,32,31.5,74,45.81,1,0,NIL
2024-05-04T10:50:00.0000000,20,33.5,33,143,31,31.2,72,45,1,0,NIL
2024-05-04T11:00:00.0000000,20,32,34,141.5,34,31.2,74,46.25,1,0,NIL
2024-05-04T11:10:00.0000000,20,33,33,138.5,34,31.2,72,45,1,0,NIL
2024-05-04T11:20:00.0000000,20,32.5,32.5,146,30,31.2,74,46.25,1,0,NIL
2024-05-04T11:30:00.0000000,20,33,32.5,138,34,31.2,74,46.25,1,0,NIL
2024-05-04T11:40:00.0000000,20,35.5,32.5,142,30,31.2,73,45.62,1,0,NIL
2024-05-04T11:50:00.0000000,20,32.5,33.5,143,32,31.2,74,46.25,1,0,NIL
2024-05-04T12:00:00.0000000,20,34,31.5,142,46,31.2,73,45.62,1,0,NIL
2024-05-04T12:10:00.0000000,20,33.5,32,138.5,44,31.2,72,45,1,0,NIL
2024-05-04T12:20:00.0000000,20,32,33.5,142.5,43,31.2,72,45.88,1,0,NIL
2024-05-04T12:30:00.0000000,20,34.5,102.5,144.5,45,31.2,74,47.94,1,0,NIL
2024-05-04T12:40:00.0000000,20,34.5,99,141.5,45,31.3,72,45.73,1,0,NIL
2024-05-04T12:50:00.0000000,20,31.5,101.5,144,44,31.2,73,45.48,1,0,NIL
2024-05-04T13:00:00.0000000,20,31.5,99,139,44,31,73,46.98,1,0,NIL
2024-05-04T13:10:00.0000000,20,34.5,99,139.5,45,30.6,74,45.81,1,0,NIL
2024-05-04T13:20:00.0000000,20,33,101,142.5,43,30.4,73,46.98,1,0,NIL
2024-05-04T13:30:00.0000000,20,34,98.5,142.5,46,31.2,76,47.81,1,0,NIL
2024-05-04T13:40:00.0000000,20,35.5,100.5,140,43,30.7,72,45,1,0,NIL
2024-05-04T13:50:00.0000000,20,35.5,99,143,47,30.4,82,53.12,1,0,NIL
2024-05-04T14:00:00.0000000,20,37,97,143,43,30.7,77,47.67,1,0,NIL
2024-05-04T14:10:00.0000000,20,34.5,103,144,44,30.8,78,49.06,1,0,NIL
2024-05-04T14:20:00.0000000,20,35,102.5,146,47,30.2,76,48.43,1,0,NIL
2024-05-04T14:30:00.0000000,20,35,99,143,45,30.1,75,46.73,1,0,NIL
2024-05-04T14:40:00.0000000,20,37.5,100,142,45,30.6,72,46.03,1,0,NIL
2024-05-04T14:50:00.0000000,20,35.5,101.5,142.5,43,31.5,76,47.35,1,0,NIL
2024-05-04T15:00:00.0000000,20,36.5,97,143,47,30.9,76,49.4,1,0,NIL
2024-05-04T15:10:00.0000000,20,37,103,141,45,30.9,75,47.18,1,0,NIL
2024-05-04T15:20:00.0000000,20,34.5,99.5,145,43,30,74,47.31,1,0,NIL
2024-05-05T08:40:00.0000000,20,33,31,164,43,30,72,46.8,1,0,NIL
2024-05-05T08:50:00.0000000,20,33,33,164,40,29.7,71,46.62,1,0,NIL
2024-05-05T09:00:00.0000000,20,33,33,164,40,31,70,44.03,1,0,NIL
2024-05-05T09:10:00.0000000,20,33,34.5,164,41,29.1,73,48.92,1,0,NIL
2024-05-05T09:20:00.0000000,20,33,35,164,43,29.2,73,48.75,1,0,NIL
2024-05-05T09:30:00.0000000,20,33,32,164,40,30,71,46.15,1,0,NIL
2024-05-05T09:40:00.0000000,20,33,34,164,42,30.1,70,45.35,1,0,NIL
2024-05-05T09:50:00.0000000,20,33,32.5,164,41,30.5,72,46.03,1,0,NIL
2024-05-05T10:00:00.0000000,20,33,32.5,164,39,30.8,70,44.32,1,0,NIL
2024-05-05T10:10:00.0000000,20,33,33.5,164,39,29.2,72,48.08,1,0,NIL
2024-05-05T10:20:00.0000000,20,33,32,164,41,31,73,45.92,1,0,NIL
2024-05-05T10:30:00.0000000,20,33,33.5,164,43,31.9,73,44.62,1,0,NIL
2024-05-05T10:40:00.0000000,20,33,31.5,164,39,30.6,70,44.61,1,0,NIL
2024-05-05T10:50:00.0000000,20,33,33.5,164,40,30.4,74,47.47,1,0,NIL
2024-05-05T11:00:00.0000000,20,33,31.5,164,43,30.8,71,44.95,1,0,NIL
2024-05-05T11:10:00.0000000,20,33,33,164,42,30.7,74,47,1,0,NIL
2024-05-05T11:20:00.0000000,20,33,34.5,164,42,31.5,70,43.33,1,0,NIL
2024-05-05T11:30:00.0000000,20,33,35.5,164,41,31.6,73,45.05,1,0,NIL
2024-05-05T11:40:00.0000000,20,33,32.5,164,41,30.1,73,47.29,1,0,NIL
2024-05-05T11:50:00.0000000,20,33,34.5,165.5,39,31.4,74,45.96,1,0,NIL
2024-05-05T12:00:00.0000000,20,33,33,165.5,42,30.5,70,44.75,1,0,NIL
2024-05-05T12:10:00.0000000,20,33,35,165.5,40,31.4,71,44.09,1,0,NIL
2024-05-05T12:20:00.0000000,20,33,32,165.5,42,30.3,72,46.34,1,0,NIL
2024-05-05T12:30:00.0000000,20,33,33,165.5,43,31.4,73,45.33,1,0,NIL
2024-05-05T12:40:00.0000000,20,33,34.5,165.5,40,30.9,70,44.17,1,0,NIL
2024-05-05T12:50:00.0000000,20,33,32.5,165.5,41,30.1,73,47.29,1,0,NIL
2024-05-05T13:00:00.0000000,20,33,33.5,165.5,41,31.9,73,44.62,1,0,NIL
2024-05-05T13:10:00.0000000,20,33.5,33,165.5,42,30,70,45.5,1,0,NIL
2024-05-05T13:20:00.0000000,20,33.5,33.5,165.5,40,31.2,72,45,1,0,NIL
2024-05-05T13:30:00.0000000,20,33.5,32.5,165.5,40,30.3,72,46.34,1,0,NIL
2024-05-05T13:40:00.0000000,20,33.5,34,165.5,42,31.5,69,42.71,1,0,NIL
2024-05-05T13:50:00.0000000,20,33.5,34,165.5,40,31.1,70,43.89,0,0,NIL
2024-05-05T14:00:00.0000000,20,35,32.5,165.5,39,31.8,74,45.38,0,0,NIL
2024-05-05T14:10:00.0000000,20,35,31.5,165.5,43,30.3,69,44.41,0,0,NIL
2024-05-05T14:20:00.0000000,20,35,32.5,165.5,40,30.7,69,43.83,0,0,NIL
2024-05-05T14:30:00.0000000,20,35,34,165.5,40,30,74,48.1,0,0,NIL
2024-05-05T14:40:00.0000000,20,35,32.5,167,42,30.8,74,46.85,0,0,NIL
2024-05-05T14:50:00.0000000,20,35,32,167,39,31,73,45.92,0,0,NIL
2024-05-05T15:00:00.0000000,20,35,31.5,167,42,31.1,70,43.89,0,0,NIL
2024-05-05T15:10:00.0000000,20,35,32.5,167,40,31.7,74,45.52,0,0,NIL
2024-05-05T15:20:00.0000000,20,35,34,167,43,30.8,73,46.22,0,0,NIL
2024-05-05T15:30:00.0000000,20,36,33.5,167,42,31.1,69,43.26,0,0,NIL
2024-05-05T15:40:00.0000000,20,36,33.5,167,42,31.7,74,45.52,0,0,NIL
2024-05-05T15:50:00.0000000,20,36,32,167,39,31.4,70,43.47,0,0,NIL
2024-05-05T16:00:00.0000000,20,36,34.5,167,40,31.4,70,43.47,0,0,NIL
2024-05-05T16:10:00.0000000,20,36,33.5,167,41,30.2,71,45.84,0,0,NIL
2024-05-05T16:20:00.0000000,20,36,31.5,167,39,30.8,69,43.69,0,0,NIL
2024-05-05T16:30:00.0000000,20,36,36,168.5,39,30.6,71,45.25,0,0,NIL
2024-05-05T16:40:00.0000000,20,36,32.5,168.5,42,31.4,73,45.33,0,0,NIL
2024-05-05T16:50:00.0000000,20,36,33,168.5,43,31.2,69,43.12,1,0,NIL
2024-05-05T17:00:00.0000000,20,36,31.5,168.5,42,30.3,73,46.98,1,0,NIL
2024-05-05T17:10:00.0000000,20,38.5,31,168.5,39,31.2,72,45,1,0,NIL
2024-05-05T17:20:00.0000000,20,40.5,33,168.5,40,30.1,74,47.94,1,0,NIL
2024-05-05T17:30:00.0000000,20,40.5,34,168.5,41,30.1,71,46,1,0,NIL
2024-05-05T17:40:00.0000000,20,40.5,36,168.5,42,30.1,73,47.29,1,0,NIL
2024-05-05T17:50:00.0000000,20,40.5,30.5,168.5,39,30.5,71,45.39,1,0,NIL
2024-05-05T18:00:00.0000000,20,40.5,31.5,168.5,41,30,74,48.1,1,0,NIL
2024-05-05T18:10:00.0000000,20,43.5,34,168.5,40,27.3,74,52.86,1,0,NIL
2024-05-05T18:20:00.0000000,20,43.5,33.5,168.5,42,27.1,71,51.09,1,0,NIL
2024-05-05T18:30:00.0000000,20,43.5,35,171,42,27.1,69,49.65,1,0,NIL
2024-05-05T18:40:00.0000000,20,43.5,32,171,41,27.9,69,48.23,1,0,NIL
2024-05-05T18:50:00.0000000,20,43.5,34.5,171,40,27.2,74,53.05,1,0,NIL
2024-05-05T19:00:00.0000000,20,43.5,31,171,39,27.6,70,49.46,1,0,NIL
2024-05-05T19:10:00.0000000,20,43.5,33,171,41,27.3,69,49.29,1,0,NIL
2024-05-05T19:20:00.0000000,20,43.5,33.5,171,43,27.1,71,51.09,1,0,NIL
2024-05-05T19:30:00.0000000,20,43.5,33.5,171,39,28,72,50.14,1,0,NIL
2024-05-05T19:40:00.0000000,20,43.5,33.5,171,41,27.2,72,51.62,1,0,NIL
2024-05-05T19:50:00.0000000,20,43.5,35.5,171,39,27.1,71,51.09,1,0,NIL
2024-05-05T20:00:00.0000000,20,43.5,34.5,171,43,28,74,51.54,1,0,NIL
2024-05-05T20:10:00.0000000,20,43.5,30,171,43,27.3,74,52.86,1,0,NIL
2024-05-05T20:20:00.0000000,20,45,33.5,171,39,27.7,72,50.69,1,0,NIL
2024-05-05T20:30:00.0000000,20,45,32,171,43,27.4,72,51.24,1,0,NIL
2024-05-05T20:40:00.0000000,20,45,33.5,171,42,27.3,72,51.43,1,0,NIL
2024-05-05T20:50:00.0000000,20,47.5,33,172.5,42,27.1,73,52.53,1,0,NIL
2024-05-05T21:00:00.0000000,20,47.5,32,172.5,42,28,71,49.45,1,0,NIL
2024-05-05T21:10:00.0000000,20,47.5,32.5,172.5,43,27.8,71,49.8,1,0,NIL
2024-05-05T21:20:00.0000000,20,47.5,32.5,172.5,40,27.8,69,48.4,1,0,NIL
2024-05-05T21:30:00.0000000,20,47.5,31.5,172.5,39,27.6,69,48.75,1,0,NIL
2024-05-05T21:40:00.0000000,20,47.5,33,172.5,43,27,69,49.83,1,0,NIL
2024-05-05T21:50:00.0000000,20,47.5,34.5,172.5,43,27.2,71,50.9,1,0,NIL
2024-05-05T22:00:00.0000000,20,47.5,33,172.5,41,27,70,50.56,1,0,NIL
2024-05-05T22:10:00.0000000,20,49.5,35.5,172.5,40,27.2,72,51.62,1,0,NIL
2024-05-05T22:20:00.0000000,20,49.5,32.5,172.5,41,27.6,74,52.28,1,0,NIL
2024-05-05T22:30:00.0000000,20,49.5,32,172.5,42,27,69,49.83,1,0,NIL
2024-05-05T22:40:00.0000000,20,53.5,33.5,172.5,41,27.6,72,50.87,1,0,NIL
2024-05-05T22:50:00.0000000,20,53.5,30.5,172.5,43,27.9,74,51.72,1,0,NIL
2024-05-05T23:00:00.0000000,20,53.5,31,173.5,41,27.6,74,52.28,1,0,NIL
2024-05-05T23:10:00.0000000,20,53.5,35,173.5,41,27.8,71,49.8,1,0,NIL
2024-05-05T23:20:00.0000000,20,54,31,173.5,39,27.7,69,48.57,1,0,NIL
2024-05-05T23:30:00.0000000,20,55,34.5,174,41,27.3,72,51.43,1,0,NIL
2024-05-05T23:40:00.0000000,20,55,33.5,174,39,27.9,72,50.32,1,0,NIL
2024-05-05T23:50:00.0000000,20,55,30.5,174,40,27,73,52.72,1,0,NIL
2024-06-10T08:30:00.0000000,20,44.5,30,164,39,31.39,72,48.96,1,0,NIL
2024-06-10T08:40:00.0000000,20,44.5,30.5,164,38,29.64,72,46.24,1,0,NIL
2024-06-10T08:50:00.0000000,20,44.5,31,164,42,31.19,70,48.65,1,0,NIL
2024-06-10T09:00:00.0000000,20,44.5,33.5,164,45,31.54,73,49.2,1,0,NIL
2024-06-10T09:10:00.0000000,20,44.5,32,164,41,30.92,72,48.23,1,0,NIL
2024-06-10T09:20:00.0000000,20,44.5,34,164,41,31.16,72,48.6,1,0,NIL
2024-06-10T09:30:00.0000000,20,44.5,33,164,43,29.97,69,46.75,1,0,NIL
2024-06-10T09:40:00.0000000,20,44.5,31.5,164,36,33.06,74,51.57,1,0,NIL
2024-06-10T09:50:00.0000000,20,44.5,33,164,44,30.72,71,47.92,1,0,NIL
2024-06-10T10:00:00.0000000,20,44.5,31,164,43,29.7,70,46.33,1,0,NIL
2024-06-10T10:10:00.0000000,20,44.5,30.5,164,37,30.74,71,47.96,1,0,NIL
2024-06-10T10:20:00.0000000,20,44.5,32,164,49,30.3,75,47.26,1,0,NIL
2024-06-10T10:30:00.0000000,20,44.5,33.5,164,47,28.94,72,45.14,1,0,NIL
2024-06-10T10:40:00.0000000,20,44.5,34,164,46,29.98,73,46.77,1,0,NIL
2024-06-10T10:50:00.0000000,20,44.5,31,164,40,29.76,70,46.42,1,0,NIL
2024-06-10T11:00:00.0000000,20,44.5,35,164,47,28.94,75,45.14,1,0,NIL
2024-06-10T11:10:00.0000000,20,44.5,32,164,38,30.53,75,47.63,1,0,NIL
2024-06-10T11:20:00.0000000,20,44.5,31.5,164,45,28.4,72,44.3,1,0,NIL
2024-06-10T11:30:00.0000000,20,44.5,34,164,40,31.39,72,48.97,1,0,NIL
2024-06-10T11:40:00.0000000,20,44.5,33,164,42,30.83,76,48.1,1,0,NIL
2024-06-10T11:50:00.0000000,20,45.5,33.5,164,36,29.5,70,46.02,1,0,NIL
2024-06-10T12:00:00.0000000,20,45.5,32,164,43,27.8,69,43.36,1,0,NIL
2024-06-10T12:10:00.0000000,20,45.5,29.5,164,42,30.88,72,48.18,1,0,NIL
2024-06-10T12:20:00.0000000,20,45.5,33.5,164,39,29.37,72,45.81,1,0,NIL
2024-06-10T12:30:00.0000000,20,45.5,32.5,164,44,30.61,72,47.75,1,0,NIL
2024-06-10T12:40:00.0000000,20,45.5,32,164,41,28.52,75,44.49,1,0,NIL
2024-06-10T12:50:00.0000000,20,45.5,34.5,164,41,30.66,73,47.83,1,0,NIL
2024-06-10T13:00:00.0000000,20,45.5,30.5,164,46,30.6,69,47.73,1,0,NIL
2024-06-10T13:10:00.0000000,20,45.5,31,164,42,29.15,69,45.47,1,0,NIL
2024-06-10T13:20:00.0000000,20,45.5,33,164,45,29.85,73,46.57,1,0,NIL
2024-06-10T13:30:00.0000000,20,45.5,34.5,164,36,29.81,71,46.51,1,0,NIL
2024-06-10T13:40:00.0000000,20,45.5,32.5,164,44,29.21,70,45.57,1,0,NIL
2024-06-10T13:50:00.0000000,20,45.5,35.5,164,40,31.02,74,48.39,1,0,NIL
2024-06-10T14:00:00.0000000,20,45.5,33.5,164,40,28.24,75,44.05,1,0,NIL
2024-06-10T14:10:00.0000000,20,45.5,32,164,42,29.3,76,45.71,1,0,NIL
2024-06-10T14:20:00.0000000,20,45.5,30,164,37,31.15,71,48.6,1,0,NIL
2024-06-10T14:30:00.0000000,20,45.5,33,164,38,31.09,71,48.5,1,0,NIL
2024-06-10T14:40:00.0000000,20,45.5,32,164,43,29.76,72,46.43,1,0,NIL
2024-06-10T14:50:00.0000000,20,45.5,31,164,41,29.54,71,46.08,1,0,NIL
2024-06-10T15:00:00.0000000,20,45.5,32,164,45,28.93,69,45.13,1,0,NIL
2024-06-10T15:10:00.0000000,20,45.5,31.5,164,42,29.91,70,46.66,1,0,NIL
2024-06-10T15:20:00.0000000,20,45.5,32,164,43,29.86,74,46.58,1,0,NIL
2024-06-10T15:30:00.0000000,20,46,31,164,39,29.07,74,45.36,1,0,NIL
2024-06-10T15:40:00.0000000,20,46,33,164,42,29.62,72,46.2,1,0,NIL
2024-06-10T15:50:00.0000000,20,46,33.5,164,42,31.19,74,48.66,1,0,NIL
2024-06-10T16:00:00.0000000,20,46,33.5,164,45,30.03,71,46.84,1,0,NIL
2024-06-10T16:10:00.0000000,20,46,30,164,46,32.25,72,50.3,1,0,NIL
2024-06-10T16:20:00.0000000,20,46,31,164,37,30.82,74,48.07,1,0,NIL
2024-06-10T16:30:00.0000000,20,46,32.5,164,42,27.79,69,43.36,1,0,NIL
2024-06-10T16:40:00.0000000,20,46,33,164,41,31.44,71,49.04,1,0,NIL
2024-06-10T16:50:00.0000000,20,45.5,31.5,164,38,29.86,70,46.58,1,0,NIL
2024-06-10T17:00:00.0000000,20,47,30.5,164,47,31.28,71,48.79,1,0,NIL
2024-06-10T17:10:00.0000000,20,47,33.5,164,42,30.84,70,48.12,1,0,NIL
2024-06-10T17:20:00.0000000,20,47,33.5,164,42,29.82,72,46.52,1,0,NIL
2024-06-10T17:30:00.0000000,20,47,32.5,164,41,30.71,71,47.91,1,0,NIL
2024-06-10T17:40:00.0000000,20,47.5,32,164,36,30.15,73,47.03,1,0,NIL
2024-06-10T17:50:00.0000000,20,47,34,164,40,28.37,71,44.26,1,0,NIL
2024-06-10T18:00:00.0000000,20,47,33,164,42,29.51,72,46.04,1,0,NIL
2024-06-10T18:10:00.0000000,20,47,32,164,51,30.15,70,47.03,1,0,NIL
2024-06-10T18:20:00.0000000,20,48,31.5,164,36,32.07,74,50.03,1,0,NIL
2024-06-10T18:30:00.0000000,20,48,32,164,35,31.13,74,48.57,1,0,NIL
2024-06-10T18:40:00.0000000,20,48,32.5,164,42,28.42,71,44.34,1,0,NIL
2024-06-10T18:50:00.0000000,20,48,33,164,42,31.44,69,49.05,1,0,NIL
2024-06-10T19:00:00.0000000,20,48,30.5,164,43,29.42,71,45.89,1,0,NIL
2024-06-10T19:10:00.0000000,20,48,34,164,39,31.45,73,49.06,1,0,NIL
2024-06-10T19:20:00.0000000,20,48,33,164,41,30.5,68,47.58,1,0,NIL
2024-06-10T19:30:00.0000000,20,48,34,164,38,30.09,69,46.94,1,0,NIL
2024-06-10T19:40:00.0000000,20,50.5,32,164,46,30.1,73,46.96,1,0,NIL
2024-06-10T19:50:00.0000000,20,50.5,34,164,41,28.44,73,44.37,1,0,NIL
2024-06-10T20:00:00.0000000,20,50.5,32.5,164,39,30.12,72,46.98,1,0,NIL
2024-06-10T20:10:00.0000000,20,50.5,29.5,164,40,30.42,71,47.46,1,0,NIL
2024-06-10T20:20:00.0000000,20,50.5,33.5,164,39,30.41,68,47.45,1,0,NIL
2024-06-10T20:30:00.0000000,20,50.5,33,164,43,29.88,69,46.61,1,0,NIL
2024-06-10T20:40:00.0000000,20,50.5,32.5,164,20,27.66,69,43.15,1,0,NIL
2024-06-10T20:50:00.0000000,20,50.5,33,164,21,30.05,70,46.88,1,0,NIL
2024-06-10T21:00:00.0000000,20,50.5,33.5,164,20,30.68,68,47.86,1,0,NIL
2024-06-10T21:10:00.0000000,20,50.5,32.5,164,20,28.62,74,44.65,1,0,NIL
2024-06-10T21:20:00.0000000,20,50.5,34,164,21,32.19,71,50.22,1,0,NIL
2024-06-10T21:30:00.0000000,20,50.5,31,164,20,30.48,72,47.55,1,0,NIL
2024-06-10T21:40:00.0000000,20,50.5,34,164,20,31.44,69,49.05,1,0,NIL
2024-06-10T21:50:00.0000000,20,52,32.5,164,20,29.56,72,46.12,1,0,NIL
2024-06-10T22:00:00.0000000,20,52.5,31.5,164,20,28.98,72,45.21,1,0,NIL
2024-06-10T22:10:00.0000000,20,52.5,31.5,164,20,31.33,72,48.87,1,0,NIL
2024-06-10T22:20:00.0000000,20,52.5,35.5,164,20,31.35,70,48.91,1,0,NIL
2024-06-10T22:30:00.0000000,20,52,33,164,20,29.16,72,45.49,1,0,NIL
2024-06-10T22:40:00.0000000,20,52,34,164,20,29.62,72,46.21,1,0,NIL
2024-06-10T22:50:00.0000000,20,52,33.5,164,20,28.44,69,44.37,1,0,NIL
2024-06-10T23:00:00.0000000,20,54,32,164,20,31.02,70,48.39,1,0,NIL
2024-06-10T23:10:00.0000000,20,54,31,164,20,31.32,71,48.86,1,0,NIL
2024-06-10T23:20:00.0000000,20,54,32,164,20,30.38,73,47.4,1,0,NIL
2024-06-10T23:30:00.0000000,20,54,30,164,20,29.9,74,46.65,1,0,NIL
2024-06-10T23:40:00.0000000,20,54,33,164,20,30.64,71,47.79,1,0,NIL
2024-04-15T12:00:00.0000000,30,57.5,67,71.5,70,34.8,80,90,1,0,NIL
2024-04-15T12:10:00.0000000,30,58.5,67,71.5,71,33.3,81,96,1,0,NIL
2024-04-15T12:20:00.0000000,30,58.5,66.5,71.5,72,33.2,81,97,1,0,NIL
2024-04-15T12:30:00.0000000,30,58.5,67,71.5,37,33,82,97,1,0,NIL
2024-04-15T12:40:00.0000000,30,58.5,67,71.5,35,33,83,95,1,0,NIL
2024-04-15T12:50:00.0000000,30,58.5,67,71.5,37,33.5,83,95,1,0,NIL
2024-04-15T13:00:00.0000000,30,58.5,66,71.5,37,33.5,83,95,1,0,NIL
2024-04-15T13:10:00.0000000,30,58.5,67,71.5,34,33.5,82,91,1,0,NIL
2024-04-15T13:20:00.0000000,30,58.5,66.5,71,34,33.5,83,92,1,0,NIL
2024-04-15T13:30:00.0000000,30,58.5,67,71.5,2,33.5,84,93,1,0,NIL
2024-04-15T13:40:00.0000000,30,58.5,67,71,35,33.5,84,94,1,0,NIL
2024-04-15T13:50:00.0000000,30,58.5,66.5,72,35,33.5,84,92,1,0,NIL
2024-04-15T14:00:00.0000000,30,58.5,67,72,34,33.5,93,95,1,0,NIL
2024-04-15T14:10:00.0000000,30,58.5,67,72,34,34.6,83,93,1,0,NIL
2024-04-15T14:20:00.0000000,30,57.5,67,72,35,35.3,83,93,1,0,NIL
2024-04-15T14:30:00.0000000,30,57.5,67,72,36,33.5,79,95,1,0,NIL
2024-04-15T14:40:00.0000000,30,57.5,67,72,36,33.5,79,95,1,0,NIL
2024-04-15T14:50:00.0000000,30,57.5,67,72,36,28.5,79,92,1,0,NIL
2024-04-15T15:00:00.0000000,30,57.5,67,72,35,28.5,79,90,1,0,NIL
2024-04-15T15:10:00.0000000,30,56.5,66,72,34,28.5,77,92,1,0,NIL
2024-04-15T15:20:00.0000000,30,56,67,72,34,28.5,78,93,1,0,NIL
2024-04-15T15:30:00.0000000,30,56,66,71,33,28.5,78,90,1,0,NIL
2024-04-15T15:40:00.0000000,30,56.5,66,72,2,28.5,78,92,1,0,NIL
2024-04-15T15:50:00.0000000,30,56,66,71,35,28.5,77,92,1,0,NIL
2024-04-15T16:00:00.0000000,30,57.5,66,71,34,28.5,77,90,1,0,NIL
2024-04-15T16:10:00.0000000,30,57.5,67,71,33,28.5,77,93,1,0,NIL
2024-04-15T16:20:00.0000000,30,57.5,66.5,71,33,28.5,76,94,1,0,NIL
2024-04-15T16:30:00.0000000,30,57.5,67,69,34,28.5,77,95,1,0,NIL
2024-04-15T16:40:00.0000000,30,57.5,66,71,33,28.5,75,95,1,0,NIL
2024-04-15T16:50:00.0000000,30,57.5,66,70.5,33,28.5,75,95,1,0,NIL
2024-04-15T17:00:00.0000000,30,57.5,66,72,33,28.5,75,95,1,0,NIL
2024-04-15T17:10:00.0000000,30,57.5,67,72,32,28.5,75,95,1,0,NIL
2024-04-15T14:10:00.0000000,30,58.5,67,72,34,34.6,83,93,1,0,NIL
2024-04-15T14:20:00.0000000,30,57.5,67,72,35,35.3,83,93,1,0,NIL
2024-04-15T14:30:00.0000000,30,57.5,67,72,36,33.5,79,95,1,0,NIL
2024-04-15T14:40:00.0000000,30,57.5,67,72,36,33.5,79,95,1,0,NIL
2024-04-15T14:50:00.0000000,30,57.5,67,72,36,28.5,79,92,1,0,NIL
2024-04-15T15:00:00.0000000,30,57.5,67,72,35,28.5,79,90,1,0,NIL
2024-04-15T15:10:00.0000000,30,56.5,66,72,34,28.5,77,92,1,0,NIL
2024-04-15T15:20:00.0000000,30,56,67,72,34,28.5,78,93,1,0,NIL
2024-04-15T15:30:00.0000000,30,56,66,71,33,28.5,78,90,1,0,NIL
2024-04-15T15:40:00.0000000,30,56.5,66,72,2,28.5,78,92,1,0,NIL
2024-04-15T15:50:00.0000000,30,56,66,71,35,28.5,77,92,1,0,NIL
2024-04-15T16:00:00.0000000,30,57.5,66,71,34,28.5,77,90,1,0,NIL
2024-04-15T16:10:00.0000000,30,57.5,67,71,33,28.5,77,93,1,0,NIL
2024-04-15T16:20:00.0000000,30,57.5,66.5,71,33,28.5,76,94,1,0,NIL
2024-04-15T16:30:00.0000000,30,57.5,67,69,34,28.5,77,95,1,0,NIL
2024-04-15T16:40:00.0000000,30,57.5,66,71,33,28.5,75,95,1,0,NIL
2024-04-15T16:50:00.0000000,30,57.5,66,70.5,33,28.5,75,95,1,0,NIL
2024-04-15T17:00:00.0000000,30,57.5,66,72,33,28.5,75,95,1,0,NIL
2024-04-15T17:10:00.0000000,30,57.5,67,72,32,28.5,75,95,1,0,NIL
2024-04-15T15:20:00.0000000,30,56,67,72,34,28.5,78,93,1,0,NIL
2024-04-15T15:30:00.0000000,30,56,66,71,33,28.5,78,90,1,0,NIL
2024-04-15T15:40:00.0000000,30,56.5,66,72,2,28.5,78,92,1,0,NIL
2024-04-15T15:50:00.0000000,30,56,66,71,35,28.5,77,92,1,0,NIL
2024-04-15T16:00:00.0000000,30,57.5,66,71,34,28.5,77,90,1,0,NIL
2024-04-15T16:10:00.0000000,30,57.5,67,71,33,28.5,77,93,1,0,NIL
2024-04-15T16:20:00.0000000,30,57.5,66.5,71,33,28.5,76,94,1,0,NIL
2024-04-15T16:30:00.0000000,30,57.5,67,69,34,28.5,77,95,1,0,NIL
2024-04-15T16:40:00.0000000,30,57.5,66,71,33,28.5,75,95,1,0,NIL
2024-04-15T16:50:00.0000000,30,57.5,66,70.5,33,28.5,75,95,1,0,NIL
2024-04-15T17:00:00.0000000,30,57.5,66,72,33,28.5,75,95,1,0,NIL
2024-04-15T17:10:00.0000000,30,57.5,67,72,32,28.5,75,95,1,0,NIL
2024-04-15T16:00:00.0000000,30,57.5,66,71,34,28.5,77,90,1,0,NIL
2024-04-15T16:10:00.0000000,30,57.5,67,71,33,28.5,77,93,1,0,NIL
2024-04-15T16:20:00.0000000,30,57.5,66.5,71,33,28.5,76,94,1,0,NIL
2024-04-15T16:30:00.0000000,30,57.5,67,69,34,28.5,77,95,1,0,NIL
2024-04-15T16:40:00.0000000,30,57.5,66,71,33,28.5,75,95,1,0,NIL
2024-04-15T16:50:00.0000000,30,57.5,66,70.5,33,28.5,75,95,1,0,NIL
2024-04-15T17:00:00.0000000,30,57.5,66,72,33,28.5,75,95,1,0,NIL
2024-04-15T17:10:00.0000000,30,57.5,67,72,32,28.5,75,95,1,0,NIL
2024-04-15T15:20:00.0000000,30,56,67,72,34,28.5,78,93,1,0,NIL
2024-04-15T15:30:00.0000000,30,56,66,71,33,28.5,78,90,1,0,NIL
2024-04-15T15:40:00.0000000,30,56.5,66,72,2,28.5,78,92,1,0,NIL
2024-04-15T15:50:00.0000000,30,56,66,71,35,28.5,77,92,1,0,NIL
2024-04-15T16:00:00.0000000,30,57.5,66,71,34,28.5,77,90,1,0,NIL
2024-04-15T16:10:00.0000000,30,57.5,67,71,33,28.5,77,93,1,0,NIL
2024-04-15T16:20:00.0000000,30,57.5,66.5,71,33,28.5,76,94,1,0,NIL
2024-04-15T16:30:00.0000000,30,57.5,67,69,34,28.5,77,95,1,0,NIL
2024-04-15T16:40:00.0000000,30,57.5,66,71,33,28.5,75,95,1,0,NIL
2024-04-15T16:50:00.0000000,30,57.5,66,70.5,33,28.5,75,95,1,0,NIL
2024-04-15T17:00:00.0000000,30,57.5,66,72,33,28.5,75,95,1,0,NIL
2024-04-15T17:10:00.0000000,30,57.5,67,72,32,28.5,75,95,1,0,NIL
2024-04-15T16:10:00.0000000,30,57.5,67,71,33,28.5,77,93,1,0,NIL
2024-04-15T16:20:00.0000000,30,57.5,66.5,71,33,28.5,76,94,1,0,NIL
2024-04-15T16:30:00.0000000,30,57.5,67,69,34,28.5,77,95,1,0,NIL
2024-04-15T16:40:00.0000000,30,57.5,66,71,33,28.5,75,95,1,0,NIL
2024-04-15T16:50:00.0000000,30,57.5,66,70.5,33,28.5,75,95,1,0,NIL
2024-04-15T17:00:00.0000000,30,57.5,66,72,33,28.5,75,95,1,0,NIL
2024-04-15T17:10:00.0000000,30,57.5,67,72,32,28.5,75,95,1,0,NIL
2024-04-15T16:00:00.0000000,30,57.5,66,71,34,28.5,77,90,1,0,NIL
2024-04-15T16:10:00.0000000,30,57.5,67,71,33,28.5,77,93,1,0,NIL
2024-04-15T16:20:00.0000000,30,57.5,66.5,71,33,28.5,76,94,1,0,NIL
2024-04-15T16:30:00.0000000,30,57.5,67,69,34,28.5,77,95,1,0,NIL
2024-04-15T16:40:00.0000000,30,57.5,66,71,33,28.5,75,95,1,0,NIL
2024-04-15T16:50:00.0000000,30,57.5,66,70.5,33,28.5,75,95,1,0,NIL
2024-04-15T17:00:00.0000000,30,57.5,66,72,33,28.5,75,95,1,0,NIL
2024-04-15T17:10:00.0000000,30,57.5,67,72,32,28.5,75,95,1,0,NIL
2024-04-15T15:20:00.0000000,30,56,67,72,34,28.5,78,93,1,0,NIL
2024-04-15T15:30:00.0000000,30,56,66,71,33,28.5,78,90,1,0,NIL
2024-04-15T15:40:00.0000000,30,56.5,66,72,2,28.5,78,92,1,0,NIL
2024-04-15T15:50:00.0000000,30,56,66,71,35,28.5,77,92,1,0,NIL
2024-04-15T16:00:00.0000000,30,57.5,66,71,34,28.5,77,90,1,0,NIL
2024-04-15T16:10:00.0000000,30,57.5,67,71,33,28.5,77,93,1,0,NIL
2024-04-15T16:20:00.0000000,30,57.5,66.5,71,33,28.5,76,94,1,0,NIL
2024-04-15T16:30:00.0000000,30,57.5,67,69,34,28.5,77,95,1,0,NIL
2024-04-15T16:40:00.0000000,30,57.5,66,71,33,28.5,75,95,1,0,NIL
2024-04-15T16:50:00.0000000,30,57.5,66,70.5,33,28.5,75,95,1,0,NIL
2024-04-15T17:00:00.0000000,30,57.5,66,72,33,28.5,75,95,1,0,NIL
2024-04-15T17:10:00.0000000,30,57.5,67,72,32,28.5,75,95,1,0,NIL
2024-04-15T17:10:00.0000000,30,57.5,67,72,32,28.5,75,95,1,0,NIL
2024-04-15T16:00:00.0000000,30,57.5,66,71,34,28.5,77,90,1,0,NIL
2024-04-15T16:10:00.0000000,30,57.5,67,71,33,28.5,77,93,1,0,NIL
2024-04-15T16:20:00.0000000,30,57.5,66.5,71,33,28.5,76,94,1,0,NIL
2024-04-15T16:30:00.0000000,30,57.5,67,69,34,28.5,77,95,1,0,NIL
2024-04-15T16:40:00.0000000,30,57.5,66,71,33,28.5,75,95,1,0,NIL
2024-04-15T16:50:00.0000000,30,57.5,66,70.5,33,28.5,75,95,1,0,NIL
2024-04-15T17:00:00.0000000,30,57.5,66,72,33,28.5,75,95,1,0,NIL
2024-04-15T17:10:00.0000000,30,57.5,67,72,32,28.5,75,95,1,0,NIL
2024-04-15T15:20:00.0000000,30,56,67,72,34,28.5,78,93,1,0,NIL
2024-04-15T15:30:00.0000000,30,56,66,71,33,28.5,78,90,1,0,NIL
2024-04-15T15:40:00.0000000,30,56.5,66,72,2,28.5,78,92,1,0,NIL
2024-04-15T15:50:00.0000000,30,56,66,71,35,28.5,77,92,1,0,NIL
2024-04-15T16:00:00.0000000,30,57.5,66,71,34,28.5,77,90,1,0,NIL
2024-04-15T16:10:00.0000000,30,57.5,67,71,33,28.5,77,93,1,0,NIL
2024-04-15T16:20:00.0000000,30,57.5,66.5,71,33,28.5,76,94,1,0,NIL
2024-04-15T16:30:00.0000000,30,57.5,67,69,34,28.5,77,95,1,0,NIL
2024-04-15T16:40:00.0000000,30,57.5,66,71,33,28.5,75,95,1,0,NIL
2024-04-15T16:50:00.0000000,30,57.5,66,70.5,33,28.5,75,95,1,0,NIL
2024-04-15T17:00:00.0000000,30,57.5,66,72,33,28.5,75,95,1,0,NIL
2024-04-15T17:10:00.0000000,30,57.5,67,72,32,28.5,75,95,1,0,NIL
2024-04-15T16:30:00.0000000,30,57.5,67,69,34,28.5,77,95,1,0,NIL
2024-04-15T16:40:00.0000000,30,57.5,66,71,33,28.5,75,95,1,0,NIL
2024-04-15T16:50:00.0000000,30,57.5,66,70.5,33,28.5,75,95,1,0,NIL
2024-04-15T17:00:00.0000000,30,57.5,66,72,33,28.5,75,95,1,0,NIL
2024-04-15T17:10:00.0000000,30,57.5,67,72,32,28.5,75,95,1,0,NIL
2024-04-15T16:30:00.0000000,30,57.5,67,69,34,28.5,77,95,1,0,NIL
2024-04-15T16:40:00.0000000,30,57.5,66,71,33,28.5,75,95,1,0,NIL
2024-04-15T16:50:00.0000000,30,57.5,66,70.5,33,28.5,75,95,1,0,NIL
2024-04-15T17:00:00.0000000,30,57.5,66,72,33,28.5,75,95,1,0,NIL
2024-04-15T17:10:00.0000000,30,57.5,67,72,32,28.5,75,95,1,0,NIL
2024-04-15T16:30:00.0000000,30,57.5,67,69,34,28.5,77,95,1,0,NIL
2024-04-15T16:40:00.0000000,30,57.5,66,71,33,28.5,75,95,1,0,NIL
2024-04-15T16:50:00.0000000,30,57.5,66,70.5,33,28.5,75,95,1,0,NIL
2024-04-15T17:00:00.0000000,30,57.5,66,72,33,28.5,75,95,1,0,NIL
2024-04-15T17:10:00.0000000,30,57.5,67,72,32,28.5,75,95,1,0,NIL
