TimeFrame,EC,mositure,Nitrogen,PH,Phosphorus,Potassium,temperature,CO2,humidity,SCD41 Temperature
2024-07-29 06:20:00,942.6,25.330000000000002,157.8,4.7700000000000005,411.5,406.6,29.05,469.8,98.9582679,28.7213706
2024-07-29 06:25:00,941.5454545454545,25.4,157.72727272727272,4.7,410.90909090909093,405.90909090909093,29.027272727272727,465.6363636363636,98.75111845454545,28.668304
2024-07-29 06:30:00,941.3333333333334,24.99166666666667,157.66666666666666,4.7,410.8333333333333,405.8333333333333,29.016666666666666,460.8333333333333,98.86536583333333,28.6258615
2024-07-29 06:35:00,942.8,24.96,158.0,4.7,411.7,406.7,29.01,471.2,99.0110639,28.696002099999998
2024-07-29 06:40:00,943.1818181818181,24.872727272727275,157.9090909090909,4.7,411.90909090909093,406.90909090909093,29.0,471.8181818181818,98.89344409090909,28.72049681818182
2024-07-29 06:45:00,941.6666666666666,25.025000000000002,157.58333333333334,4.7,411.1666666666667,406.1666666666667,29.008333333333336,473.5833333333333,98.75549841666667,28.694845
2024-07-29 06:50:00,942.4545454545455,25.327272727272728,157.9090909090909,4.7,411.45454545454544,406.45454545454544,29.0,455.09090909090907,98.62682590909093,28.531874181818182
2024-07-29 06:55:00,943.9090909090909,24.972727272727273,158.0,4.7,412.1818181818182,407.1818181818182,29.0,452.27272727272725,98.8217268181818,28.499101636363637
2024-07-29 07:00:00,943.2727272727273,25.44545454545454,157.9090909090909,4.7,411.90909090909093,406.90909090909093,28.99090909090909,465.90909090909093,99.09319781818182,28.60033127272727
2024-07-29 07:05:00,942.8181818181819,25.263636363636362,158.0909090909091,4.7,411.45454545454544,406.45454545454544,29.0,467.0,98.89941009090909,28.548381727272726
2024-07-29 07:10:00,942.3,24.89,157.8,4.7700000000000005,411.4,406.4,28.98,468.2,99.0620285,28.646333600000002
2024-07-29 07:15:00,942.9166666666666,24.883333333333336,158.0,4.8,411.75,406.75,28.974999999999998,468.25,99.05495816666667,28.63186966666667
2024-07-29 07:20:00,942.8181818181819,25.20909090909091,158.0,4.8,411.72727272727275,406.72727272727275,28.981818181818184,480.1818181818182,99.23912945454545,28.747685363636364
2024-07-29 07:25:00,942.7272727272727,24.954545454545453,158.0,4.8,411.54545454545456,406.6363636363636,28.972727272727273,482.72727272727275,99.04603409090909,28.686267454545455
2024-07-29 07:30:00,943.0909090909091,24.754545454545454,158.0,4.8,411.72727272727275,406.72727272727275,28.963636363636365,468.72727272727275,99.09403018181818,28.653252545454542
2024-07-29 07:35:00,942.9166666666666,25.125,158.0,4.8,411.6666666666667,406.75,28.974999999999998,473.5833333333333,98.93784625,28.639658416666666
2024-07-29 07:40:00,942.0,25.0,157.6,4.8,411.2,406.2,28.96,471.9,99.0939183,28.7064167
2024-07-29 07:45:00,943.2727272727273,25.38181818181818,157.8181818181818,4.845454545454545,412.0,407.0,28.918181818181814,462.72727272727275,98.51488090909092,28.493275818181818
2024-07-29 07:50:00,943.4,24.84,158.0,4.87,412.0,407.0,28.9,464.5,98.73716399999999,28.6284425
2024-07-29 07:55:00,943.8181818181819,25.236363636363638,158.1818181818182,4.8545454545454545,412.09090909090907,407.09090909090907,28.9,468.09090909090907,98.35202545454545,28.56877309090909
2024-07-29 08:00:00,943.3636363636364,25.127272727272725,158.0,4.881818181818182,412.0,407.09090909090907,28.90909090909091,462.6363636363636,98.59478372727273,28.59110681818182
2024-07-29 08:05:00,943.1818181818181,24.88181818181818,157.9090909090909,4.8,411.90909090909093,407.0,28.9,462.0,98.17835090909092,28.48720718181818
2024-07-29 08:10:00,944.25,24.875,158.25,4.8,412.4166666666667,407.5,28.899999999999995,456.0,98.234786,28.472317166666667
2024-07-29 08:15:00,943.8181818181819,25.0,158.0909090909091,4.79090909090909,412.1818181818182,407.1818181818182,28.9,452.0,98.30527881818183,28.498616090909092
2024-07-29 08:20:00,943.0,25.166666666666668,157.91666666666666,4.8,411.8333333333333,406.8333333333333,28.899999999999995,451.25,98.0820675,28.416463333333336
2024-07-29 08:25:00,944.3,25.0,158.1,4.8,412.6,407.6,28.9,459.3,98.6012055,28.5795757
2024-07-29 08:30:00,944.1666666666666,24.916666666666668,158.16666666666666,4.7250000000000005,412.5,407.5,28.899999999999995,462.9166666666667,98.17896258333333,28.554652583333333
2024-07-29 08:35:00,944.5,25.0,158.1,4.7,412.7,407.7,28.9,457.0,98.1043712,28.5269702
2024-07-29 08:40:00,942.4545454545455,24.963636363636365,157.8181818181818,4.7,411.45454545454544,406.45454545454544,28.9,464.1818181818182,98.24230018181817,28.639415363636363
2024-07-29 08:45:00,942.2727272727273,25.063636363636363,157.72727272727272,4.781818181818182,411.54545454545456,406.54545454545456,28.9,468.54545454545456,98.23910936363636,28.630675909090908
2024-07-29 08:50:00,943.1666666666666,25.15833333333333,157.91666666666666,4.883333333333334,411.8333333333333,406.9166666666667,28.891666666666666,469.3333333333333,98.1904085,28.69885066666667
2024-07-29 08:55:00,943.9090909090909,25.2,158.0909090909091,4.990909090909091,412.3636363636364,407.3636363636364,28.9,464.1818181818182,97.918113,28.73627563636364
2024-07-29 09:00:00,944.3636363636364,24.963636363636365,158.0909090909091,4.909090909090909,412.54545454545456,407.6363636363636,28.9,462.6363636363636,97.65690845454546,28.685053636363637
2024-07-29 09:05:00,943.2,25.369999999999997,158.0,4.84,411.8,406.9,28.9,459.7,97.40535650000001,28.6474021
2024-07-29 09:10:00,944.0909090909091,25.127272727272725,158.1818181818182,4.7727272727272725,412.3636363636364,407.3636363636364,28.9,449.6363636363636,97.45548672727273,28.666847090909094
2024-07-29 09:15:00,943.6,25.1,158.0,4.92,412.1,407.2,28.9,461.7,97.58022150000001,28.8212406
2024-07-29 09:20:00,943.9166666666666,25.150000000000002,158.16666666666666,4.858333333333333,412.25,407.3333333333333,28.899999999999995,460.9166666666667,97.28135041666667,28.792311833333333
2024-07-29 09:25:00,944.5454545454545,25.163636363636364,158.36363636363637,4.827272727272727,412.6363636363636,407.6363636363636,28.9,457.8181818181818,97.33646890909091,28.851585454545454
2024-07-29 09:30:00,944.3846153846154,24.907692307692308,158.23076923076923,4.823076923076924,412.6923076923077,407.7692307692308,28.86923076923077,462.61538461538464,97.07531353846154,28.880193076923074
2024-07-29 09:35:00,943.9,25.080000000000002,158.0,4.82,412.4,407.4,28.880000000000003,459.0,96.73289059999999,28.8212402
2024-07-29 09:40:00,945.25,24.925,158.33333333333334,4.733333333333333,412.9166666666667,408.0,28.866666666666664,456.4166666666667,96.77754908333333,28.906913583333335
2024-07-29 09:45:00,945.6,24.97,158.5,4.7299999999999995,412.9,408.2,28.869999999999997,456.4,96.4336624,28.8829248
2024-07-29 09:50:00,946.0833333333334,25.224999999999998,158.66666666666666,4.8,413.0,408.4166666666667,28.858333333333334,451.6666666666667,96.11009416666667,28.846608916666668
2024-07-29 09:55:00,945.8181818181819,25.2,158.63636363636363,4.8,412.72727272727275,408.27272727272725,28.88181818181818,457.27272727272725,96.35212272727273,28.953300454545456
2024-07-29 10:00:00,946.8181818181819,25.172727272727272,158.9090909090909,4.836363636363636,413.1818181818182,408.72727272727275,28.87272727272727,462.6363636363636,96.41967909090909,28.96301109090909
2024-07-29 10:05:00,947.6363636363636,25.336363636363636,159.0,4.9818181818181815,413.54545454545456,409.1818181818182,28.845454545454547,470.72727272727275,96.83444727272727,29.07030963636364
2024-07-29 10:10:00,946.9090909090909,25.39090909090909,158.9090909090909,5.0181818181818185,413.1818181818182,408.8181818181818,28.836363636363636,475.09090909090907,96.90561009090908,29.097498545454542
2024-07-29 10:15:00,947.5454545454545,25.272727272727273,159.0,4.990909090909091,413.54545454545456,409.0,28.88181818181818,477.72727272727275,96.7587059090909,29.06375527272727
2024-07-29 10:20:00,947.5454545454545,25.0,159.0,4.863636363636363,413.45454545454544,409.09090909090907,28.836363636363636,473.6363636363636,96.46267954545455,29.031468363636364
2024-07-29 10:25:00,946.7272727272727,25.11818181818182,158.9090909090909,4.8,413.1818181818182,408.6363636363636,28.89090909090909,466.27272727272725,96.68629636363636,29.028798
2024-07-29 10:30:00,948.3636363636364,25.045454545454547,158.9090909090909,4.8,414.0,409.45454545454544,28.854545454545452,458.3636363636364,96.28789436363637,28.906691454545456
2024-07-29 10:35:00,947.2727272727273,24.954545454545453,159.0,4.8,413.45454545454544,409.09090909090907,28.88181818181818,453.09090909090907,96.69184100000001,28.956456636363637
2024-07-29 10:40:00,947.8181818181819,25.29090909090909,158.9090909090909,4.827272727272727,413.6363636363636,409.27272727272725,28.87272727272727,453.54545454545456,96.46184699999999,28.912760000000002
2024-07-29 10:45:00,947.9166666666666,25.041666666666668,159.0,4.9,413.5,409.5,28.88333333333333,452.0,96.470588,28.968776333333334
2024-07-29 10:50:00,948.8461538461538,25.04615384615385,159.15384615384616,4.9,413.9230769230769,409.7692307692308,28.89230769230769,455.61538461538464,96.23336815384616,29.04411023076923
2024-07-29 10:55:00,947.5454545454545,25.072727272727274,158.8181818181818,4.9,413.45454545454544,409.27272727272725,28.87272727272727,459.8181818181818,96.48362863636363,29.13148390909091
2024-07-29 11:00:00,948.2307692307693,24.923076923076923,159.0,4.9,414.15384615384613,409.38461538461536,28.876923076923074,459.6923076923077,96.01493038461538,29.146404076923076
2024-07-29 11:05:00,948.5833333333334,25.041666666666668,159.0,4.9,414.0,409.5833333333333,28.899999999999995,453.5,95.33023166666668,29.082265250000003
2024-07-29 11:10:00,949.9090909090909,25.80909090909091,159.1818181818182,4.9,414.8181818181818,410.1818181818182,28.89090909090909,438.90909090909093,94.72759054545455,29.034624272727275
2024-07-29 11:15:00,950.6666666666666,25.183333333333334,159.41666666666666,4.9,415.1666666666667,410.5,28.88333333333333,434.1666666666667,93.97535749999999,28.98657858333333
2024-07-29 11:20:00,948.9,24.9,159.2,4.9,414.1,409.8,28.889999999999997,436.5,94.1300066,29.0823987
2024-07-29 11:25:00,950.0909090909091,25.136363636363637,159.27272727272728,4.9,414.90909090909093,410.1818181818182,28.9,446.0,94.0849090909091,29.246065363636365
2024-07-29 11:30:00,950.6363636363636,24.91818181818182,159.36363636363637,4.9,415.27272727272725,410.3636363636364,28.9,455.3636363636364,94.34167581818183,29.38832136363636
2024-07-29 11:35:00,950.1818181818181,25.281818181818185,159.1818181818182,4.9,415.0,410.1818181818182,28.9,450.1818181818182,93.33596881818181,29.36113254545455
2024-07-29 11:40:00,950.8,25.04,159.4,4.9,415.4,410.4,28.9,465.9,94.11810410000001,29.520332200000002
2024-07-29 11:45:00,950.0909090909091,25.08181818181818,159.36363636363637,4.9,414.90909090909093,410.1818181818182,28.9,467.72727272727275,93.65515936363636,29.55509545454545
2024-07-29 11:50:00,951.3333333333334,25.61111111111111,159.55555555555554,4.9,415.6666666666667,410.6666666666667,28.899999999999995,464.8888888888889,92.76925733333333,29.54697666666667
2024-07-29 11:55:00,951.5833333333334,25.075,159.66666666666666,4.9,415.6666666666667,410.9166666666667,28.899999999999995,459.8333333333333,92.38981825,29.56203425
2024-07-29 12:00:00,951.9,25.02,159.8,4.9,415.8,411.1,28.9,456.7,92.404516,29.543030499999997
2024-07-29 12:05:00,952.0,25.027272727272727,159.8181818181818,4.9,415.8181818181818,411.1818181818182,28.9,445.8181818181818,91.48144418181818,29.44172772727273
2024-07-29 12:10:00,952.8181818181819,25.3,160.1818181818182,4.9,416.3636363636364,411.45454545454544,28.9,437.09090909090907,91.3338459090909,29.493192181818184
2024-07-29 12:15:00,952.8333333333334,25.09166666666667,160.08333333333334,4.9,416.25,411.5833333333333,28.899999999999995,445.4166666666667,91.17507041666666,29.598529083333332
2024-07-29 12:20:00,952.3333333333334,25.188888888888886,160.0,4.944444444444445,416.0,411.3333333333333,28.899999999999995,442.55555555555554,90.29271877777778,29.581987333333334
2024-07-29 12:25:00,953.0,24.90833333333333,160.0,5.0,416.3333333333333,411.6666666666667,28.916666666666668,433.6666666666667,88.767072,29.55291025
2024-07-29 12:30:00,952.5454545454545,25.181818181818183,160.0,5.0,416.09090909090907,411.45454545454544,28.90909090909091,441.1818181818182,89.34836854545455,29.705848
2024-07-29 12:35:00,952.0769230769231,25.015384615384615,159.84615384615384,5.0,415.9230769230769,411.15384615384613,28.95384615384615,441.46153846153845,89.04672030769231,29.725660769230767
2024-07-29 12:40:00,953.0909090909091,25.363636363636363,160.0,5.0,416.3636363636364,411.72727272727275,28.936363636363637,441.72727272727275,89.24308272727272,29.774305000000002
2024-07-29 12:45:00,953.5454545454545,25.1,160.1818181818182,5.0,416.54545454545456,412.0,28.954545454545453,439.3636363636364,89.75939490909091,29.779645909090906
2024-07-29 12:50:00,964.0909090909091,24.827272727272728,162.27272727272728,5.0,421.8181818181818,416.90909090909093,28.963636363636365,450.6363636363636,90.06429372727273,29.873835545454543
2024-07-29 12:55:00,961.6363636363636,25.181818181818183,161.8181818181818,5.0,420.54545454545456,415.90909090909093,29.0,451.0,89.84498418181819,29.828682636363634
2024-07-29 13:00:00,959.4166666666666,25.166666666666668,161.16666666666666,5.0,419.5833333333333,414.75,28.983333333333334,439.5,89.14320491666666,29.770319916666665
2024-07-29 13:05:00,956.1818181818181,25.181818181818183,160.72727272727272,5.0,417.72727272727275,413.45454545454544,29.0,444.09090909090907,89.60832772727272,29.90369472727273
2024-07-29 13:10:00,,,,,,,,,,
2024-07-29 13:15:00,,,,,,,,,,
2024-07-29 13:20:00,,,,,,,,,,
2024-07-29 13:25:00,,,,,,,,,,
2024-07-29 13:30:00,,,,,,,,,,
2024-07-29 13:35:00,,,,,,,,,,
2024-07-29 13:40:00,,,,,,,,,,
2024-07-29 13:45:00,1164.0833333333333,1625.3416666666665,3089.5833333333335,218.025,11347.0,24188.75,876.4166666666666,458.0833333333333,87.24307583333332,29.761419
2024-07-29 13:50:00,13598.0,3229.3888888888887,26414.555555555555,2477.6111111111113,35714.666666666664,41159.333333333336,3282.488888888889,435.55555555555554,89.60300977777777,29.877800888888892
2024-07-29 13:55:00,2037.6363636363637,106.5909090909091,3963.909090909091,381.57272727272726,4117.454545454545,5963.636363636364,475.6,430.90909090909093,87.43794,29.949090181818182
2024-07-29 14:00:00,961.3636363636364,28.2,161.9090909090909,5.0,420.27272727272725,416.0,29.1,417.1818181818182,86.95964145454546,29.944234909090905
2024-07-29 14:05:00,962.1666666666666,27.24166666666667,161.75,5.0,420.8333333333333,415.9166666666667,29.100000000000005,427.3333333333333,86.86045625000001,30.071398916666666
2024-07-29 14:10:00,963.25,27.941666666666666,162.0,5.0,421.25,416.3333333333333,29.133333333333336,421.1666666666667,85.86645841666666,29.894712666666667
2024-07-29 14:15:00,963.5454545454545,27.645454545454548,162.0909090909091,5.0,421.45454545454544,416.54545454545456,29.2,410.09090909090907,84.69256554545454,29.544656818181817
2024-07-29 14:20:00,963.5454545454545,28.272727272727273,161.9090909090909,5.0,421.6363636363636,416.6363636363636,29.2,408.72727272727275,85.38685236363636,29.59223718181818
2024-07-29 14:25:00,964.7692307692307,27.299999999999997,162.15384615384616,5.0,422.15384615384613,417.15384615384613,29.207692307692305,411.46153846153845,84.59730907692308,29.58084676923077
2024-07-29 14:30:00,965.1818181818181,27.88181818181818,162.1818181818182,5.0,422.27272727272725,417.27272727272725,29.263636363636362,413.8181818181818,85.14090318181819,29.70779009090909
2024-07-29 14:35:00,965.9090909090909,27.40909090909091,162.54545454545453,5.0,422.6363636363636,417.6363636363636,29.3,421.54545454545456,85.34995400000001,29.758040545454545
2024-07-29 14:40:00,967.0,27.827272727272728,163.0,5.0,423.1818181818182,418.1818181818182,29.3,422.6363636363636,85.75348272727273,29.644673272727275
2024-07-29 14:45:00,966.5833333333334,27.941666666666666,162.75,5.0,423.0,418.0,29.3,419.5833333333333,85.69797416666667,29.63324308333333
2024-07-29 14:50:00,969.2,27.54,163.3,5.0,424.3,419.5,29.3,413.3,85.1453425,29.552376700000003
2024-07-29 14:55:00,967.9166666666666,27.849999999999998,163.0,5.0,423.9166666666667,418.9166666666667,29.366666666666664,411.9166666666667,85.1518295,29.53488575
2024-07-29 15:00:00,967.8,27.85,163.0,5.0,423.8,418.8,29.369999999999997,408.1,84.7364005,29.567597499999998
2024-07-29 15:05:00,969.4166666666666,27.366666666666664,163.58333333333334,5.0,424.5,419.5833333333333,29.399999999999995,407.5833333333333,85.23854949999999,29.65816608333333
2024-07-29 15:10:00,969.8888888888889,27.799999999999997,163.88888888888889,5.0,424.8888888888889,419.8888888888889,29.399999999999995,422.1111111111111,85.76774133333333,29.81430622222222
2024-07-29 15:15:00,970.1818181818181,27.61818181818182,163.8181818181818,5.0,424.90909090909093,419.90909090909093,29.4,413.27272727272725,85.10303163636364,29.803436545454545
2024-07-29 15:20:00,970.5454545454545,28.0,163.9090909090909,5.0,425.0,420.0,29.40909090909091,425.8181818181818,85.41958954545454,29.935010272727276
2024-07-29 15:25:00,971.0,27.423076923076923,163.92307692307693,5.0,425.3076923076923,420.3076923076923,29.46153846153846,418.0,82.99135569230769,29.740449846153847
2024-07-29 15:30:00,972.4545454545455,27.50909090909091,164.0909090909091,5.081818181818182,425.8181818181818,421.0,29.481818181818184,419.1818181818182,84.48698563636364,29.891799636363636
2024-07-29 15:35:00,974.5454545454545,27.736363636363638,164.54545454545453,5.054545454545454,426.72727272727275,422.0,29.5,434.0,84.72141681818181,29.969967727272728
2024-07-29 15:40:00,976.5454545454545,28.018181818181816,164.9090909090909,5.1090909090909085,427.54545454545456,423.0,29.5,436.27272727272725,85.55733618181817,30.093774
2024-07-29 15:45:00,975.0909090909091,27.30909090909091,164.9090909090909,5.1,427.09090909090907,422.09090909090907,29.5,415.0,83.42800881818181,29.851259363636363
2024-07-29 15:50:00,976.7272727272727,27.44545454545454,165.0,5.1,427.72727272727275,423.0,29.50909090909091,413.09090909090907,84.47658163636363,29.885002272727274
2024-07-29 15:55:00,976.4545454545455,27.927272727272726,165.0,5.1,427.54545454545456,422.90909090909093,29.527272727272727,406.90909090909093,83.27264418181818,29.72405427272727
2024-07-29 16:00:00,976.6,27.79,164.9,5.1,427.7,422.9,29.590000000000003,410.5,84.393836,29.8084615
2024-07-29 16:05:00,977.1538461538462,27.700000000000003,165.0,5.1,427.9230769230769,423.2307692307692,29.584615384615386,419.61538461538464,85.53679661538462,29.877869
2024-07-29 16:10:00,977.4545454545455,27.745454545454546,165.0,5.1,428.09090909090907,423.3636363636364,29.6,416.90909090909093,83.772447,29.78231627272727
2024-07-29 16:15:00,977.6363636363636,28.018181818181816,165.0,5.1,428.09090909090907,423.54545454545456,29.6,416.90909090909093,84.78994545454545,29.92481509090909
2024-07-29 16:20:00,979.4,27.76,165.4,5.09,429.1,424.3,29.6,425.8,84.53635349999999,29.8920429
2024-07-29 16:25:00,980.2307692307693,27.576923076923077,165.6153846153846,5.107692307692307,429.61538461538464,424.61538461538464,29.6,422.61538461538464,84.4863883846154,29.851370999999997
2024-07-29 16:30:00,981.4,28.07,165.9,5.1,430.0,425.4,29.6,422.1,84.3277636,29.879758900000002
2024-07-29 16:35:00,982.4545454545455,27.454545454545453,166.0909090909091,5.1,430.45454545454544,426.0,29.6,416.90909090909093,83.992453,29.76532309090909
2024-07-29 16:40:00,982.4166666666666,27.666666666666668,166.08333333333334,5.1,430.5,425.9166666666667,29.633333333333336,415.5,83.87426458333333,29.750737416666666
2024-07-29 16:45:00,982.9090909090909,27.781818181818185,166.1818181818182,5.1,430.90909090909093,426.0,29.654545454545453,433.1818181818182,85.17613654545454,29.984290181818185
2024-07-29 16:50:00,984.0,28.46,166.5,5.1,431.4,426.6,29.689999999999998,437.1,84.62775819999999,29.958266300000002
2024-07-29 16:55:00,984.8333333333334,27.558333333333334,166.58333333333334,5.116666666666666,431.9166666666667,426.9166666666667,29.7,430.6666666666667,85.63184841666667,29.926088583333335
2024-07-29 17:00:00,985.3636363636364,27.336363636363636,166.8181818181818,5.1,432.0,427.3636363636364,29.7,434.3636363636364,86.45470727272726,30.002982272727273
2024-07-29 17:05:00,987.7272727272727,27.845454545454547,167.0909090909091,5.1,432.90909090909093,428.8181818181818,29.7,440.45454545454544,85.65319081818183,30.00079781818182
2024-07-29 17:10:00,987.7272727272727,27.672727272727272,167.0,5.1,432.90909090909093,428.8181818181818,29.7,417.0,84.54316536363636,29.709732181818183
2024-07-29 17:15:00,988.7,27.43,167.1,5.1,433.6,429.1,29.7,405.5,84.2052337,29.6629281
2024-07-29 17:20:00,986.7,27.46,166.9,5.1,432.5,428.2,29.7,426.2,86.44541100000001,29.9085987
2024-07-29 17:25:00,988.9166666666666,27.516666666666666,167.08333333333334,5.1,433.8333333333333,429.0833333333333,29.71666666666667,439.0833333333333,86.46054233333332,29.992846916666664
2024-07-29 17:30:00,989.1818181818181,27.30909090909091,167.27272727272728,5.1,433.90909090909093,429.27272727272725,29.718181818181815,423.3636363636364,86.82008945454545,29.78450109090909
2024-07-29 17:35:00,990.0,27.5,167.6,5.1,434.2,429.8,29.74,437.0,86.8230726,29.835965299999998
2024-07-29 17:40:00,989.9090909090909,27.672727272727272,167.72727272727272,5.1,434.09090909090907,429.8181818181818,29.763636363636362,429.09090909090907,87.31239954545454,29.726482272727274
2024-07-29 17:45:00,990.1818181818181,27.627272727272725,167.72727272727272,5.1,434.27272727272725,429.90909090909093,29.763636363636362,446.1818181818182,88.78018136363636,29.88767263636364
2024-07-29 17:50:00,990.1818181818181,27.827272727272728,167.8181818181818,5.1,434.1818181818182,430.0,29.79090909090909,455.45454545454544,88.94553254545454,29.860969454545454
2024-07-29 17:55:00,990.3,27.4,167.8,5.1,434.2,430.1,29.8,456.0,89.57747810000001,29.901923399999998
2024-07-29 18:00:00,991.4,27.68,167.9,5.1,434.9,430.5,29.8,458.5,89.05790859999999,29.8733499
2024-07-29 18:05:00,992.3076923076923,27.66923076923077,168.07692307692307,5.1,435.3076923076923,431.0,29.800000000000004,450.0,88.89201815384617,29.89635576923077
2024-07-29 18:10:00,992.4545454545455,27.50909090909091,168.1818181818182,5.1,435.3636363636364,431.09090909090907,29.8,452.09090909090907,89.20105199999999,29.82140018181818
2024-07-29 18:15:00,992.1818181818181,27.954545454545453,168.0,5.1,435.3636363636364,430.8181818181818,29.8,438.27272727272725,89.23253945454546,29.66360772727273
2024-07-29 18:20:00,992.9090909090909,27.681818181818183,168.27272727272728,5.1,435.72727272727275,431.1818181818182,29.8,465.54545454545456,90.70365045454545,29.757797727272727
2024-07-29 18:25:00,992.8333333333334,27.650000000000002,168.16666666666666,5.1,435.75,431.0833333333333,29.8,432.1666666666667,89.49976016666666,29.55024025
2024-07-29 18:30:00,993.3333333333334,27.441666666666666,168.33333333333334,5.1,436.0,431.3333333333333,29.8,451.6666666666667,90.69364916666666,29.723811833333333
2024-07-29 18:35:00,994.0,27.446153846153848,168.53846153846155,5.1,436.46153846153845,431.6923076923077,29.800000000000004,449.38461538461536,90.46416853846154,29.648631615384616
2024-07-29 18:40:00,994.3333333333334,27.416666666666668,168.58333333333334,5.1,436.5,431.8333333333333,29.825,444.4166666666667,90.40334916666666,29.64948708333333
2024-07-29 18:45:00,994.5,27.1,168.7,5.1,436.7,431.8,29.810000000000002,438.8,90.2679483,29.5601205
2024-07-29 18:50:00,995.7,27.77,169.0,5.1,437.0,432.7,29.839999999999996,441.5,90.3456165,29.6079195
2024-07-29 18:55:00,996.3,27.9,169.0,5.1,437.5,432.8,29.860000000000003,442.4,90.6723134,29.5801483
2024-07-29 19:00:00,996.0909090909091,27.41818181818182,169.0,5.1,437.27272727272725,432.8181818181818,29.87272727272727,445.54545454545456,90.54731227272727,29.608502272727275
2024-07-29 19:05:00,996.9,27.5,169.2,5.1,437.6,433.2,29.889999999999997,445.8,90.3363101,29.6129932
2024-07-29 19:10:00,996.9090909090909,28.19090909090909,169.0909090909091,5.1,437.8181818181818,433.09090909090907,29.9,454.72727272727275,90.73680381818181,29.596606272727275
2024-07-29 19:15:00,996.8181818181819,27.581818181818186,169.0909090909091,5.1,437.8181818181818,433.0,29.88181818181818,462.0,91.20109363636364,29.642730454545458
2024-07-29 19:20:00,997.0,27.60909090909091,169.1818181818182,5.1,438.0,433.0,29.9,459.45454545454544,91.62016136363637,29.56456309090909
2024-07-29 19:25:00,997.75,27.8,169.41666666666666,5.1,438.3333333333333,433.4166666666667,29.899999999999995,471.0,92.90010433333333,29.60342425
2024-07-29 19:30:00,997.1,27.26,169.3,5.1,437.8,433.3,29.9,461.4,93.4267184,29.4039063
2024-07-29 19:35:00,1000.2727272727273,27.99090909090909,170.0,5.1,439.3636363636364,434.6363636363636,29.9,459.09090909090907,93.59814672727272,29.448282181818183
2024-07-29 19:40:00,998.4,27.389999999999997,169.5,5.1,438.7,433.7,29.9,458.8,94.1040664,29.5048445
2024-07-29 19:45:00,999.5,27.349999999999998,169.83333333333334,5.1,439.25,434.25,29.899999999999995,482.8333333333333,94.91633041666667,29.611658000000002
2024-07-29 19:50:00,1000.4,27.57,170.1,5.1,439.6,434.6,29.9,510.0,95.4479285,29.640497099999997
2024-07-29 19:55:00,1002.0,27.61818181818182,170.36363636363637,5.1,440.3636363636364,435.3636363636364,29.9,472.27272727272725,93.55750236363635,29.439785818181818
2024-07-29 20:00:00,1000.4,27.8,170.0,5.1,439.6,434.7,29.9,461.1,93.43221270000001,29.3852135
2024-07-29 20:05:00,1000.9166666666666,27.741666666666664,170.08333333333334,5.1,439.9166666666667,434.9166666666667,29.899999999999995,450.5833333333333,92.52956566666667,29.3023445
2024-07-29 20:10:00,1001.4,27.23,170.2,5.1,440.1,435.1,29.9,442.7,91.8057504,29.298695099999996
2024-07-29 20:15:00,1002.9090909090909,27.663636363636364,170.63636363636363,5.1,440.6363636363636,435.6363636363636,29.9,448.1818181818182,92.40808227272727,29.339770090909088
2024-07-29 20:20:00,1003.5454545454545,27.19090909090909,170.63636363636363,5.1,440.8181818181818,436.1818181818182,29.9,453.72727272727275,92.24883327272727,29.333215181818183
2024-07-29 20:25:00,1006.25,28.075,171.08333333333334,5.1,442.0833333333333,437.3333333333333,29.899999999999995,447.8333333333333,92.34340383333334,29.209105583333336
2024-07-29 20:30:00,1004.0,27.93,170.8,5.1,441.0,436.4,29.9,450.1,93.19676460000001,29.2103076
2024-07-29 20:35:00,1003.5384615384615,28.123076923076926,170.6153846153846,5.1,440.84615384615387,436.15384615384613,29.9,462.2307692307692,93.10503492307693,29.350171461538462
2024-07-29 20:40:00,1005.2727272727273,27.727272727272727,171.0,5.1,441.45454545454544,437.0,29.9,463.1818181818182,92.77859854545454,29.343654636363635
2024-07-29 20:45:00,1005.7272727272727,27.563636363636363,170.9090909090909,5.1,441.6363636363636,437.1818181818182,29.9,464.8181818181818,93.28283990909091,29.317436272727274
2024-07-29 20:50:00,1005.0,27.7,171.0,5.1,441.3636363636364,436.72727272727275,29.9,464.90909090909093,93.64530954545454,29.29243254545455
2024-07-29 20:55:00,1008.9166666666666,27.599999999999998,171.75,5.1,443.1666666666667,438.75,29.899999999999995,465.6666666666667,94.12654941666666,29.286545583333336
2024-07-29 21:00:00,1005.9090909090909,27.272727272727273,171.0909090909091,5.1,441.72727272727275,437.3636363636364,29.9,462.3636363636364,94.48317145454544,29.249464454545453
2024-07-29 21:05:00,1006.0833333333334,27.366666666666664,171.16666666666666,5.1,441.75,437.3333333333333,29.875,460.9166666666667,94.74186816666668,29.179509166666666
2024-07-29 21:10:00,1007.3636363636364,27.527272727272727,171.1818181818182,5.1,442.1818181818182,438.1818181818182,29.89090909090909,459.90909090909093,94.99892454545456,29.12808572727273
2024-07-29 21:15:00,1008.3333333333334,27.59166666666667,171.58333333333334,5.1,442.8333333333333,438.5833333333333,29.899999999999995,458.5,94.87398616666667,29.155476250000003
2024-07-29 21:20:00,1007.8,27.6,171.6,5.1,442.5,438.4,29.880000000000003,456.9,94.827649,29.164110299999997
2024-07-29 21:25:00,1009.1666666666666,27.675,171.83333333333334,5.1,443.25,438.9166666666667,29.84166666666667,460.5,94.75623758333334,29.127883083333334
2024-07-29 21:30:00,1009.8,27.55,171.8,5.1,443.6,439.2,29.869999999999997,463.7,95.00648699999999,29.1256579
2024-07-29 21:35:00,1011.3846153846154,27.5,172.23076923076923,5.1,444.46153846153845,439.9230769230769,29.838461538461537,465.38461538461536,95.04997376923076,29.126274384615385
2024-07-29 21:40:00,1010.9090909090909,27.59090909090909,172.27272727272728,5.1,444.0,439.90909090909093,29.827272727272728,476.09090909090907,95.19535081818181,29.204310999999997
2024-07-29 21:45:00,1008.9166666666666,27.641666666666666,171.83333333333334,5.1,443.0,438.9166666666667,29.825,474.5833333333333,95.15233483333333,29.16971825
2024-07-29 21:50:00,1012.9,27.689999999999998,172.5,5.1,445.2,440.7,29.8,471.8,94.9971772,29.1638437
2024-07-29 21:55:00,1010.0,28.141666666666666,172.0,5.1,443.6666666666667,439.3333333333333,29.8,461.0,94.78471916666666,29.071139000000002
2024-07-29 22:00:00,1010.3636363636364,27.154545454545453,171.9090909090909,5.1,444.0,439.3636363636364,29.80909090909091,470.1818181818182,95.31312181818181,29.152846545454544
2024-07-29 22:05:00,1012.8181818181819,27.50909090909091,172.54545454545453,5.1,445.0,440.8181818181818,29.8,492.45454545454544,96.11574663636362,29.19897118181818
2024-07-29 22:10:00,1012.8181818181819,27.30909090909091,172.45454545454547,5.1090909090909085,445.09090909090907,440.72727272727275,29.8,498.27272727272725,96.107564,29.154303454545456
2024-07-29 22:15:00,1013.3636363636364,27.718181818181815,172.54545454545453,5.072727272727272,445.3636363636364,441.0,29.8,483.3636363636364,95.95955,29.13269809090909
2024-07-29 22:20:00,1011.1818181818181,27.3,172.1818181818182,5.0,444.45454545454544,440.0,29.8,482.3636363636364,95.25097463636365,29.099682909090912
2024-07-29 22:25:00,1013.25,27.45,172.5,5.0,445.5,441.0,29.8,473.1666666666667,95.03026325,29.034866500000003
2024-07-29 22:30:00,1017.5,27.65,173.6,5.0,447.4,443.0,29.8,479.8,95.5753402,29.092812900000002
2024-07-29 22:35:00,1014.7272727272727,27.49090909090909,172.9090909090909,5.0,446.0,441.72727272727275,29.8,491.45454545454544,95.83012627272728,29.113034545454546
2024-07-29 22:40:00,1014.4,27.660000000000004,172.8,5.0,446.0,441.4,29.8,480.1,95.181047,29.0522241
2024-07-29 22:45:00,1016.9230769230769,27.407692307692308,173.53846153846155,5.0,447.2307692307692,442.6923076923077,29.800000000000004,472.0769230769231,95.06265061538463,29.02685538461538
2024-07-29 22:50:00,1015.8181818181819,27.272727272727273,173.27272727272728,5.0,446.54545454545456,442.27272727272725,29.8,477.6363636363636,95.46140999999999,29.028555363636368
2024-07-29 22:55:00,1017.5,27.766666666666666,173.66666666666666,5.0,447.5833333333333,442.9166666666667,29.8,478.5,95.24541616666666,28.993254333333336
2024-07-29 23:00:00,1016.2,27.52,173.4,5.0,446.8,442.4,29.8,478.7,95.3406572,29.0020217
2024-07-29 23:05:00,1017.4545454545455,27.836363636363636,173.63636363636363,5.0,447.54545454545456,442.90909090909093,29.772727272727273,472.09090909090907,94.8334328181818,28.97102245454545
2024-07-29 23:10:00,1017.7272727272727,27.61818181818182,173.63636363636363,5.0,447.54545454545456,443.1818181818182,29.763636363636362,474.8181818181818,95.02153590909091,28.97320636363636
2024-07-29 23:15:00,1018.75,27.308333333333334,173.83333333333334,5.0,448.0833333333333,443.6666666666667,29.766666666666666,465.9166666666667,94.54070283333334,28.886886083333334
2024-07-29 23:20:00,1019.3636363636364,27.772727272727273,174.1818181818182,5.0,448.6363636363636,443.72727272727275,29.745454545454546,466.27272727272725,94.39910809090908,28.886299363636365
2024-07-29 23:25:00,1018.0,27.71666666666667,173.83333333333334,5.0,447.8333333333333,443.1666666666667,29.724999999999998,468.8333333333333,94.86394083333334,28.900238
2024-07-29 23:30:00,1026.4,28.2,175.3,5.0,451.8,447.6,29.71,482.5,94.8175789,28.9472798
2024-07-29 23:35:00,1028.6363636363637,27.545454545454547,175.54545454545453,5.0,452.90909090909093,448.6363636363636,29.7,473.6363636363636,94.15107881818182,28.90741936363636
2024-07-29 23:40:00,1025.5,28.28,175.1,5.0,451.6,446.9,29.7,485.1,94.88807560000001,28.9681086
2024-07-29 23:45:00,1026.75,27.516666666666666,175.16666666666666,5.0,452.0833333333333,447.6666666666667,29.7,477.3333333333333,93.90198425,28.902017833333332
2024-07-29 23:50:00,1028.3636363636363,28.045454545454547,175.45454545454547,5.0,452.8181818181818,448.54545454545456,29.7,471.6363636363636,93.24066863636364,28.813472636363635
2024-07-29 23:55:00,1028.6363636363637,27.481818181818184,175.54545454545453,5.0,452.8181818181818,448.72727272727275,29.7,477.09090909090907,93.88224272727274,28.895038454545453
2024-07-30 00:00:00,1028.2,27.57,175.6,5.0,452.7,448.5,29.689999999999998,472.6,93.0251025,28.845540999999997
2024-07-30 00:05:00,1028.0,27.65833333333333,175.41666666666666,5.0,452.6666666666667,448.3333333333333,29.683333333333334,476.1666666666667,93.49762249999999,28.888888750000003
2024-07-30 00:10:00,1028.5,27.24,175.7,5.0,453.1,448.4,29.660000000000004,474.3,93.2042429,28.8540858
2024-07-30 00:15:00,1030.0,27.427272727272726,176.0,5.0,453.72727272727275,449.27272727272725,29.61818181818182,472.8181818181818,93.24080954545455,28.84770127272727
2024-07-30 00:20:00,1029.7272727272727,27.236363636363638,175.9090909090909,5.0,453.6363636363636,449.09090909090907,29.645454545454548,475.09090909090907,93.24122436363636,28.829009090909093
2024-07-30 00:25:00,1030.8181818181818,27.427272727272726,176.1818181818182,5.0,454.09090909090907,449.6363636363636,29.61818181818182,471.0,93.11762509090909,28.80764590909091
2024-07-30 00:30:00,1030.6,27.95,176.1,5.0,454.1,449.4,29.6,482.1,93.5867872,28.825780299999998
2024-07-30 00:35:00,1030.5454545454545,27.827272727272728,176.0909090909091,5.0,454.0,449.45454545454544,29.6,484.1818181818182,94.14788845454545,28.860809727272727
2024-07-30 00:40:00,1033.0,27.9,176.8181818181818,5.0,455.0,450.8181818181818,29.6,491.27272727272725,93.95118645454545,28.84187518181818
2024-07-30 00:45:00,1031.6363636363637,27.563636363636363,176.36363636363637,5.0,454.27272727272725,450.1818181818182,29.6,501.1818181818182,94.90223754545454,28.871248727272725
2024-07-30 00:50:00,1032.1,27.630000000000003,176.5,5.0,454.7,450.2,29.6,483.4,93.540245,28.746471200000002
2024-07-30 00:55:00,1033.0,27.660000000000004,176.8,5.0,455.0,450.8,29.6,486.6,95.025711,28.8118939
2024-07-30 01:00:00,1030.6,27.53,176.1,5.0,454.0,449.5,29.6,492.0,94.211032,28.756084699999995
2024-07-30 01:05:00,1033.0,27.808333333333334,176.58333333333334,5.0,455.0,450.5833333333333,29.59166666666667,484.8333333333333,95.18069291666667,28.740017833333336
2024-07-30 01:10:00,1033.6,27.689999999999998,177.0,5.0,455.3,451.1,29.560000000000002,509.4,95.6594174,28.824711999999998
2024-07-30 01:15:00,1034.75,27.65833333333333,177.16666666666666,5.0,455.8333333333333,451.5,29.516666666666666,493.3333333333333,95.03814666666666,28.740240666666665
2024-07-30 01:20:00,1034.3636363636363,27.58181818181818,176.8181818181818,5.0,455.54545454545456,451.1818181818182,29.518181818181816,486.3636363636364,95.23960145454545,28.722923636363635
2024-07-30 01:25:00,1033.8181818181818,27.654545454545453,176.8181818181818,5.0,455.27272727272725,451.09090909090907,29.5,480.54545454545456,95.39871009090908,28.693065
2024-07-30 01:30:00,1034.1,27.53,176.9,5.0,455.6,451.1,29.5,483.0,95.4975205,28.6949343
2024-07-30 01:35:00,1035.1666666666667,27.508333333333336,177.16666666666666,5.0,456.0,451.8333333333333,29.5,487.4166666666667,95.42381825,28.683050833333336
2024-07-30 01:40:00,1035.7272727272727,27.854545454545452,177.27272727272728,5.0,456.1818181818182,451.90909090909093,29.5,488.27272727272725,96.04250363636365,28.701561454545455
2024-07-30 01:45:00,1034.3636363636363,28.336363636363636,176.9090909090909,5.0,455.45454545454544,451.3636363636364,29.5,497.09090909090907,96.45865927272729,28.74598563636364
2024-07-30 01:50:00,1036.2727272727273,27.636363636363637,177.36363636363637,5.0,456.45454545454544,452.09090909090907,29.5,490.6363636363636,96.0179509090909,28.665147727272725
2024-07-30 01:55:00,1035.2307692307693,28.04615384615385,177.0,5.0,455.9230769230769,451.61538461538464,29.46923076923077,489.2307692307692,96.17573769230769,28.65321523076923
2024-07-30 02:00:00,1034.6666666666667,27.22222222222222,176.88888888888889,5.0,455.55555555555554,451.44444444444446,29.41111111111111,490.0,96.170155,28.633130777777776
2024-07-30 02:05:00,1035.0,27.6,176.9,5.0,455.8,451.5,29.43,489.7,96.7025251,28.629511200000003
2024-07-30 02:10:00,1035.6363636363637,27.645454545454548,177.1818181818182,5.0,456.1818181818182,451.8181818181818,29.427272727272726,490.54545454545456,96.44700409090909,28.635045545454545
2024-07-30 02:15:00,1036.3333333333333,27.383333333333336,177.33333333333334,5.0,456.4166666666667,452.25,29.416666666666668,495.5833333333333,97.05055691666666,28.671257333333333
2024-07-30 02:20:00,1035.909090909091,27.763636363636362,177.0909090909091,5.0,456.1818181818182,451.90909090909093,29.4,509.6363636363636,97.05597954545455,28.686510363636362
2024-07-30 02:25:00,1038.2727272727273,27.863636363636363,177.72727272727272,5.0,457.54545454545456,452.8181818181818,29.4,482.3636363636364,96.68476781818181,28.596690272727276
2024-07-30 02:30:00,1040.5,27.839999999999996,178.2,5.0,458.6,454.0,29.4,485.6,96.2922115,28.5587472
2024-07-30 02:35:00,1038.9166666666667,27.608333333333334,177.91666666666666,5.0,457.8333333333333,453.25,29.399999999999995,467.5,96.59990916666668,28.456518083333332
2024-07-30 02:40:00,1039.8,27.689999999999998,178.0,5.0,458.2,453.6,29.380000000000003,483.8,97.23094599999999,28.591592100000003
2024-07-30 02:45:00,1042.9166666666667,27.71666666666667,178.75,5.0,459.75,455.1666666666667,29.391666666666666,507.6666666666667,97.75603475000001,28.674372416666667
2024-07-30 02:50:00,1041.6363636363637,27.636363636363637,178.45454545454547,5.0,459.45454545454544,454.72727272727275,29.38181818181818,490.27272727272725,96.90741318181819,28.539399454545457
2024-07-30 02:55:00,1042.7272727272727,27.763636363636362,178.63636363636363,5.0,459.8181818181818,454.90909090909093,29.318181818181817,493.54545454545456,97.61085354545456,28.569258636363635
2024-07-30 03:00:00,1043.8333333333333,27.733333333333334,178.91666666666666,4.933333333333334,460.1666666666667,455.6666666666667,29.316666666666666,500.25,97.86221033333334,28.601161
2024-07-30 03:05:00,1048.2,27.28,180.0,4.9,462.3,457.8,29.310000000000002,488.1,97.32189,28.5259022
2024-07-30 03:10:00,1050.0,27.875,180.25,4.9,463.0833333333333,458.4166666666667,29.3,476.8333333333333,97.14618166666666,28.4707595
2024-07-30 03:15:00,1051.090909090909,27.672727272727272,180.27272727272728,4.9,463.6363636363636,459.45454545454544,29.3,488.1818181818182,97.38543563636364,28.52677618181818
2024-07-30 03:20:00,1048.75,27.8,179.91666666666666,4.9,462.5833333333333,458.1666666666667,29.3,491.8333333333333,98.06095958333333,28.568894333333333
2024-07-30 03:25:00,1049.7,28.25,180.2,4.9,463.0,458.6,29.3,496.1,97.6548414,28.544060100000003
2024-07-30 03:30:00,1049.4545454545455,27.44545454545454,180.1818181818182,4.9,463.09090909090907,458.3636363636364,29.3,505.45454545454544,98.13909272727273,28.577512454545456
2024-07-30 03:35:00,1050.3333333333333,27.455555555555556,180.55555555555554,4.9,463.55555555555554,458.77777777777777,29.299999999999997,508.8888888888889,98.11076377777778,28.598713555555555
2024-07-30 03:40:00,1049.75,27.575,180.25,4.9,463.1666666666667,458.5833333333333,29.3,502.25,97.88141216666666,28.55198233333333
2024-07-30 03:45:00,1049.3333333333333,27.577777777777776,180.22222222222223,4.9,463.0,458.3333333333333,29.299999999999997,502.55555555555554,97.77608288888888,28.499317666666666
2024-07-30 03:50:00,1053.0,27.49,180.8,4.9,464.6,460.2,29.3,498.1,97.99450470000001,28.496261399999998
2024-07-30 03:55:00,1051.3846153846155,27.86923076923077,180.53846153846155,4.9,464.0769230769231,459.6923076923077,29.300000000000004,507.2307692307692,98.16199107692309,28.52277992307692
2024-07-30 04:00:00,1050.8181818181818,27.58181818181818,180.36363636363637,4.9,463.6363636363636,459.1818181818182,29.281818181818185,502.45454545454544,98.18181818181819,28.491090999999997
2024-07-30 04:05:00,1052.1818181818182,27.90909090909091,180.54545454545453,4.9,464.1818181818182,460.0,29.281818181818185,512.0,98.00467454545455,28.49618909090909
2024-07-30 04:10:00,1050.6,27.610000000000003,180.3,4.9,463.5,459.1,29.28,503.9,97.94750739999999,28.4559394
2024-07-30 04:15:00,1053.923076923077,27.392307692307693,181.0,4.9,465.0,460.7692307692308,29.23846153846154,499.61538461538464,97.70104969230769,28.424388538461535
2024-07-30 04:20:00,1051.6363636363637,28.154545454545453,180.54545454545453,4.9,464.09090909090907,459.54545454545456,29.227272727272727,494.1818181818182,97.89966572727272,28.35903109090909
2024-07-30 04:25:00,1053.9,27.310000000000002,180.9,4.9,465.2,460.7,29.21,506.2,98.30396049999999,28.421759200000004
2024-07-30 04:30:00,1053.75,27.358333333333334,180.91666666666666,4.8,465.0833333333333,460.5833333333333,29.2,512.5833333333334,98.47575158333332,28.409342249999998
2024-07-30 04:35:00,1054.2,27.73,181.0,4.8,465.2,460.8,29.21,507.5,98.3686576,28.3659493
2024-07-30 04:40:00,1052.1818181818182,27.636363636363637,180.63636363636363,4.8,464.27272727272725,459.8181818181818,29.2,506.54545454545456,98.66164509090909,28.373839
2024-07-30 04:45:00,1052.7272727272727,27.6,180.8181818181818,4.8,464.72727272727275,460.0,29.2,500.90909090909093,98.74834527272728,28.36898381818182
2024-07-30 04:50:00,1055.5,27.65833333333333,181.16666666666666,4.8,465.8333333333333,461.5,29.2,496.75,98.495841,28.33501825
2024-07-30 04:55:00,1053.0,27.322222222222223,180.88888888888889,4.8,464.8888888888889,460.1111111111111,29.200000000000003,504.55555555555554,98.89829777777777,28.370547888888886
2024-07-30 05:00:00,1055.4545454545455,27.545454545454547,181.0909090909091,4.8,465.72727272727275,461.54545454545456,29.19090909090909,499.45454545454544,98.9005189090909,28.354661
2024-07-30 05:05:00,1055.1,27.869999999999997,181.1,4.8,465.6,461.3,29.189999999999998,504.5,98.8654916,28.3550009
2024-07-30 05:10:00,1055.0,27.691666666666666,181.0,4.991666666666666,465.5833333333333,461.4166666666667,29.175,507.5833333333333,99.32516991666667,28.3904275
2024-07-30 05:15:00,1053.9,27.7,180.8,4.85,465.0,460.8,29.15,507.5,98.8650334,28.3646144
2024-07-30 05:20:00,1058.1818181818182,27.872727272727275,182.0,4.7272727272727275,467.1818181818182,462.90909090909093,29.136363636363637,511.54545454545456,98.84614054545455,28.344707727272727
2024-07-30 05:25:00,1057.090909090909,27.636363636363637,181.45454545454547,4.7,466.3636363636364,462.3636363636364,29.10909090909091,507.54545454545456,99.16713436363635,28.34276636363637
2024-07-30 05:30:00,1056.0,28.181818181818183,181.36363636363637,4.7,465.90909090909093,461.72727272727275,29.1,507.45454545454544,99.04769872727273,28.327472818181818
2024-07-30 05:35:00,1056.0,27.410000000000004,181.2,4.7,466.0,461.8,29.1,507.7,98.9604015,28.3205541
2024-07-30 05:40:00,1058.5,27.708333333333332,181.66666666666666,4.7,467.0,463.0,29.100000000000005,511.3333333333333,99.09437666666668,28.276938333333334
2024-07-30 05:45:00,1059.6,27.55,182.1,4.7,467.5,463.5,29.1,506.2,99.066603,28.2612731
2024-07-30 05:50:00,1061.5,27.633333333333336,182.58333333333334,4.7,468.5833333333333,464.5833333333333,29.100000000000005,505.25,99.44329875,28.317216166666668
2024-07-30 05:55:00,1059.9,27.630000000000003,182.3,4.7,467.7,463.7,29.090000000000003,498.3,98.9590316,28.246052
2024-07-30 06:00:00,1063.6363636363637,27.545454545454547,183.0909090909091,4.7,469.6363636363636,465.6363636363636,29.1,511.6363636363636,99.50699327272727,28.320189727272727
2024-07-30 06:05:00,1066.6363636363637,27.681818181818183,183.54545454545453,4.7,471.09090909090907,467.09090909090907,29.09090909090909,511.54545454545456,99.46149454545456,28.326015909090913
2024-07-30 06:10:00,1063.6363636363637,27.94545454545454,183.0909090909091,4.7,469.54545454545456,465.54545454545456,29.072727272727274,509.09090909090907,99.16893836363637,28.317276636363637
2024-07-30 06:15:00,1067.076923076923,28.069230769230767,183.76923076923077,4.7,471.2307692307692,467.2307692307692,29.03846153846154,515.1538461538462,99.53507061538463,28.33174846153846
2024-07-30 06:20:00,1063.8,28.74,182.9,4.7,469.6,465.6,29.03,503.4,99.2059204,28.286373400000002
2024-07-30 06:25:00,1067.75,28.208333333333332,184.08333333333334,4.7,471.6666666666667,467.6666666666667,29.0,510.4166666666667,99.31919416666666,28.319886416666666
2024-07-30 06:30:00,1068.5454545454545,28.3,183.9090909090909,4.7,472.09090909090907,467.8181818181818,29.0,511.09090909090907,99.10720854545455,28.31557745454546
2024-07-30 06:35:00,1068.75,28.349999999999998,184.16666666666666,4.675,472.1666666666667,468.0833333333333,29.0,503.6666666666667,98.8994425,28.252460916666667
2024-07-30 06:40:00,1071.0,27.71,184.8,4.6,473.2,469.0,29.0,496.7,98.942398,28.227626700000002
2024-07-30 06:45:00,1070.7272727272727,27.581818181818186,184.63636363636363,4.6,473.09090909090907,468.8181818181818,29.0,497.45454545454544,98.80230499999999,28.232068818181816
2024-07-30 06:50:00,1069.3636363636363,28.41818181818182,184.45454545454547,4.6,472.27272727272725,468.27272727272725,29.0,491.09090909090907,98.64166900000001,28.211434999999998
2024-07-30 06:55:00,1066.6363636363637,28.372727272727275,183.63636363636363,4.6,471.1818181818182,467.09090909090907,28.99090909090909,495.09090909090907,98.66899690909091,28.198325818181818
2024-07-30 07:00:00,1072.3636363636363,27.90909090909091,185.0909090909091,4.6,474.0,469.54545454545456,29.0,488.09090909090907,98.51280181818183,28.177691272727273
2024-07-30 07:05:00,1072.5833333333333,27.925,185.08333333333334,4.6,474.0,469.6666666666667,28.983333333333334,497.25,98.79847875,28.221974583333335
2024-07-30 07:10:00,1071.6,28.0,184.8,4.6,473.6,469.2,28.939999999999998,513.3,99.1709779,28.269016299999997
2024-07-30 07:15:00,1074.2,28.689999999999998,185.1,4.6,475.0,470.2,28.93,499.8,98.7014586,28.1691463
2024-07-30 07:20:00,1073.3,28.54,185.1,4.6,474.5,469.8,28.919999999999998,492.9,99.003281,28.177691
2024-07-30 07:25:00,1073.8333333333333,28.008333333333336,185.16666666666666,4.6,474.6666666666667,470.1666666666667,28.916666666666668,503.5833333333333,99.05928166666666,28.218636083333333
2024-07-30 07:30:00,1074.0,27.880000000000003,185.0,4.6,475.0,470.0,28.9,501.6,98.9582672,28.200122299999997
2024-07-30 07:35:00,1075.3333333333333,28.625,185.58333333333334,4.6,475.5833333333333,470.75,28.899999999999995,493.8333333333333,99.25396166666667,28.193490583333332
2024-07-30 07:40:00,1074.8,28.110000000000003,185.4,4.6,475.4,470.4,28.9,514.0,99.4113054,28.2302963
2024-07-30 07:45:00,1073.3076923076924,28.392307692307693,185.0,4.6,474.53846153846155,469.7692307692308,28.9,503.7692307692308,99.05135800000001,28.193507923076922
2024-07-30 07:50:00,1075.3,28.15,185.5,4.6,475.6,470.7,28.9,490.6,98.74159019999999,28.128823999999998
2024-07-30 07:55:00,1075.1818181818182,28.481818181818184,185.45454545454547,4.6,475.45454545454544,470.72727272727275,28.9,496.45454545454544,99.248285,28.174292454545455
2024-07-30 08:00:00,1076.5454545454545,28.19090909090909,186.0,4.6,476.09090909090907,471.54545454545456,28.9,504.3636363636364,99.36910709090908,28.18303227272727
2024-07-30 08:05:00,1074.3333333333333,28.61666666666667,185.16666666666666,4.6,475.0833333333333,470.25,28.899999999999995,497.75,99.10976433333333,28.1492075
2024-07-30 08:10:00,1074.6666666666667,27.855555555555554,185.33333333333334,4.6,475.22222222222223,470.44444444444446,28.899999999999995,487.44444444444446,98.71824377777779,28.117163666666666
2024-07-30 08:15:00,1074.0,27.772727272727273,185.27272727272728,4.6,474.90909090909093,470.09090909090907,28.9,470.1818181818182,98.53249827272727,28.05315681818182
2024-07-30 08:20:00,1075.0,27.636363636363637,185.63636363636363,4.6,475.3636363636364,470.6363636363636,28.9,468.6363636363636,98.18376272727272,28.03155127272727
2024-07-30 08:25:00,1072.75,28.099999999999998,185.08333333333334,4.6,474.25,469.6666666666667,28.88333333333333,460.8333333333333,97.97449124999999,28.046623
2024-07-30 08:30:00,1074.2727272727273,28.44545454545454,185.27272727272728,4.6,475.0,470.27272727272725,28.87272727272727,471.45454545454544,98.05378,28.148803090909094
2024-07-30 08:35:00,1075.9166666666667,28.125,185.58333333333334,4.6,475.8333333333333,471.0833333333333,28.866666666666664,470.5833333333333,98.00284800000001,28.13919375
2024-07-30 08:40:00,1076.2727272727273,28.181818181818183,185.8181818181818,4.6,476.09090909090907,471.1818181818182,28.845454545454547,473.8181818181818,97.70864918181819,28.16239763636364
2024-07-30 08:45:00,1075.75,27.99166666666667,185.75,4.6,475.8333333333333,470.9166666666667,28.808333333333334,456.4166666666667,97.37532058333333,28.099584583333336
2024-07-30 08:50:00,1076.7,27.7,186.0,4.6,476.3,471.4,28.8,455.1,97.3168548,28.092775
2024-07-30 08:55:00,1077.3636363636363,27.763636363636362,186.0,4.6,476.45454545454544,471.90909090909093,28.8,459.27272727272725,97.41193163636363,28.170166090909092
2024-07-30 09:00:00,1076.4545454545455,27.754545454545454,185.8181818181818,4.6,476.09090909090907,471.3636363636364,28.8,458.54545454545456,96.99674636363638,28.083744181818187
2024-07-30 09:05:00,1076.9,27.79,185.8,4.6,476.3,471.6,28.8,448.7,97.0060266,28.101053200000003
2024-07-30 09:10:00,1078.3636363636363,27.49090909090909,186.27272727272728,4.6,477.0,472.3636363636364,28.8,445.3636363636364,96.839441,28.132538363636364
2024-07-30 09:15:00,1076.6363636363637,27.763636363636362,185.9090909090909,4.536363636363636,476.1818181818182,471.45454545454544,28.8,442.27272727272725,96.69198327272728,28.114817181818182
2024-07-30 09:20:00,1077.0833333333333,27.958333333333332,185.83333333333334,4.6,476.3333333333333,471.75,28.8,436.8333333333333,96.3851375,28.07087816666667
2024-07-30 09:25:00,1073.9,28.110000000000003,185.3,4.59,474.9,470.1,28.8,436.3,96.066834,28.075951800000002
2024-07-30 09:30:00,1076.909090909091,28.427272727272726,185.9090909090909,4.5,476.27272727272725,471.6363636363636,28.8,441.3636363636364,95.81417227272728,28.171379454545455
2024-07-30 09:35:00,1077.5,27.891666666666666,186.0,4.5,476.5,472.0,28.8,447.25,96.16845783333333,28.301638666666666
2024-07-30 09:40:00,1077.8181818181818,28.08181818181818,186.1818181818182,4.5,476.72727272727275,472.09090909090907,28.8,441.8181818181818,95.35140854545453,28.259986
2024-07-30 09:45:00,1078.6666666666667,27.966666666666665,186.11111111111111,4.5,477.0,472.6666666666667,28.78888888888889,438.55555555555554,95.23291233333333,28.210031999999998
2024-07-30 09:50:00,1075.8181818181818,27.7,185.54545454545453,4.5,475.72727272727275,471.1818181818182,28.781818181818185,438.0,94.90931472727272,28.29494318181818
2024-07-30 09:55:00,1080.909090909091,27.7,186.8181818181818,4.5,478.1818181818182,473.6363636363636,28.8,444.72727272727275,94.91194781818182,28.311693363636365
2024-07-30 10:00:00,1081.0,27.983333333333334,186.75,4.5,478.25,473.75,28.766666666666666,435.4166666666667,94.93985341666666,28.281611249999997
2024-07-30 10:05:00,1078.7,28.160000000000004,186.3,4.5,477.2,472.5,28.77,436.0,95.1909656,28.325894299999998
2024-07-30 10:10:00,1077.1666666666667,28.5,186.0,4.5,476.3333333333333,471.8333333333333,28.775000000000002,446.5833333333333,95.20167466666668,28.500801166666665
2024-07-30 10:15:00,1081.1,27.580000000000002,186.8,4.5,478.0,473.5,28.78,444.4,94.9062317,28.5098803
2024-07-30 10:20:00,1082.0,28.545454545454547,187.0909090909091,4.5,478.72727272727275,474.27272727272725,28.79090909090909,459.09090909090907,95.33573418181818,28.659078636363635
2024-07-30 10:25:00,1082.1,28.139999999999997,187.0,4.5,478.7,474.3,28.77,459.4,94.9893942,28.615358299999997
2024-07-30 10:30:00,1081.1818181818182,27.79090909090909,186.72727272727272,4.5,478.1818181818182,473.90909090909093,28.781818181818185,459.09090909090907,95.48138918181817,28.695734909090906
2024-07-30 10:35:00,1085.6,28.01,187.8,4.5,480.4,476.1,28.78,472.1,95.5495541,28.8124285
2024-07-30 10:40:00,1084.4545454545455,28.045454545454547,187.54545454545453,5.027272727272727,479.90909090909093,475.45454545454544,28.79090909090909,479.45454545454544,95.85384590909092,28.83556318181818
2024-07-30 10:45:00,1083.6,28.339999999999996,187.4,4.93,479.3,475.1,28.79,472.4,95.5855659,28.752612799999998
2024-07-30 10:50:00,1083.3636363636363,27.99090909090909,187.36363636363637,4.918181818181818,479.45454545454544,474.8181818181818,28.79090909090909,498.72727272727275,96.80101599999999,28.877560000000003
2024-07-30 10:55:00,1085.5454545454545,28.55454545454546,187.63636363636363,4.990909090909091,480.1818181818182,476.0,28.79090909090909,481.90909090909093,95.652704,28.80546109090909
2024-07-30 11:00:00,1084.75,28.150000000000002,187.66666666666666,4.883333333333334,479.8333333333333,475.8333333333333,28.791666666666668,465.25,95.19658733333334,28.84238025
2024-07-30 11:05:00,1085.6,28.660000000000004,187.9,4.86,480.3,476.1,28.77,459.9,94.4150445,28.8706414
2024-07-30 11:10:00,1082.6,28.24,187.2,4.85,478.8,474.7,28.8,449.5,93.9993879,28.838330300000003
2024-07-30 11:15:00,1086.3636363636363,28.0,188.0,4.954545454545454,480.54545454545456,476.45454545454544,28.8,448.09090909090907,93.1893440909091,28.860567545454547
2024-07-30 11:20:00,1086.0,27.8,187.91666666666666,4.95,480.5,476.25,28.8,443.25,93.193078,28.87420183333333
2024-07-30 11:25:00,1086.090909090909,27.58181818181818,188.0,4.9818181818181815,480.3636363636364,476.3636363636364,28.8,451.45454545454544,92.71922572727273,28.966409454545452
2024-07-30 11:30:00,1086.25,28.525000000000002,187.83333333333334,5.008333333333334,480.5,476.4166666666667,28.8,455.6666666666667,92.63955708333333,29.045770833333332
2024-07-30 11:35:00,1087.1,27.51,188.0,5.0,480.7,476.7,28.8,449.1,92.3257799,29.019913100000004
2024-07-30 11:40:00,1088.0,28.041666666666668,188.25,4.966666666666667,481.4166666666667,477.3333333333333,28.808333333333334,440.8333333333333,91.81938183333334,29.077592416666665
2024-07-30 11:45:00,1090.4545454545455,27.527272727272727,188.72727272727272,5.0,482.6363636363636,478.54545454545456,28.8,471.1818181818182,92.96739427272728,29.142893727272725
2024-07-30 11:50:00,1089.5,27.75,188.6,4.95,482.1,478.1,28.8,446.0,92.3477513,29.0001527
2024-07-30 11:55:00,1091.75,28.224999999999998,189.0,4.958333333333333,483.25,479.25,28.808333333333334,441.9166666666667,91.96447,29.090498666666665
2024-07-30 12:00:00,1092.8,28.23,189.0,4.91,483.6,479.6,28.830000000000002,438.3,91.28587689999999,29.165446300000003
2024-07-30 12:05:00,1093.7,28.610000000000003,189.2,5.0,484.1,480.1,28.830000000000002,431.0,91.0475319,29.1446173
2024-07-30 12:10:00,1095.090909090909,27.854545454545452,189.45454545454547,4.972727272727273,484.72727272727275,480.72727272727275,28.89090909090909,433.72727272727275,90.59059463636363,29.204311272727274
2024-07-30 12:15:00,1095.25,27.75,189.5,4.966666666666667,484.75,480.75,28.858333333333334,436.0,90.67622875,29.27942416666667
2024-07-30 12:20:00,1096.6666666666667,27.822222222222223,189.88888888888889,4.944444444444445,485.6666666666667,481.44444444444446,28.899999999999995,430.22222222222223,89.71965900000001,29.279350333333337
2024-07-30 12:25:00,1098.5,28.675,190.33333333333334,4.941666666666667,486.5,482.5,28.899999999999995,437.25,90.23320908333334,29.448768
2024-07-30 12:30:00,1098.0,28.05454545454546,190.1818181818182,4.836363636363637,486.45454545454544,482.3636363636364,28.9,443.54545454545456,90.410536,29.50508781818182
2024-07-30 12:35:00,1099.1818181818182,28.018181818181816,190.54545454545453,4.763636363636364,486.90909090909093,482.90909090909093,28.9,455.3636363636364,90.90229309090908,29.563106
2024-07-30 12:40:00,1101.2,27.610000000000003,191.0,4.7,488.0,483.7,28.9,455.3,90.6555287,29.6298161
2024-07-30 12:45:00,1097.8181818181818,28.1,190.36363636363637,4.7,486.1818181818182,482.1818181818182,28.9,462.45454545454544,90.49904027272727,29.638846636363635
2024-07-30 12:50:00,1098.3636363636363,28.463636363636365,190.45454545454547,4.7,486.45454545454544,482.45454545454544,28.9,450.45454545454544,89.606942,29.659966090909094
2024-07-30 12:55:00,1100.25,27.791666666666668,190.66666666666666,4.7,487.4166666666667,483.4166666666667,28.899999999999995,439.75,88.73222866666667,29.62701266666667
2024-07-30 13:00:00,1100.6666666666667,27.766666666666666,190.77777777777777,4.7,487.6666666666667,483.6666666666667,28.899999999999995,442.77777777777777,88.2037588888889,29.755262222222225
2024-07-30 13:05:00,1100.75,27.891666666666666,190.83333333333334,4.7,487.6666666666667,483.6666666666667,28.941666666666666,441.0833333333333,88.70374608333333,29.823281416666664
2024-07-30 13:10:00,1099.4545454545455,28.327272727272728,190.63636363636363,4.7,487.3636363636364,483.3636363636364,28.972727272727273,462.09090909090907,89.64481218181818,29.935981181818182
2024-07-30 13:15:00,1104.4166666666667,28.400000000000002,191.66666666666666,4.7,489.4166666666667,485.3333333333333,29.0,462.6666666666667,89.29961150000001,29.93966358333333
2024-07-30 13:20:00,1102.7,28.23,191.2,4.7,488.7,484.6,29.0,445.0,87.0435649,29.963874099999998
2024-07-30 13:25:00,1105.5384615384614,27.553846153846152,191.92307692307693,4.7,489.84615384615387,485.7692307692308,29.0,439.9230769230769,86.6221796923077,29.99536330769231
2024-07-30 13:30:00,1106.0,27.616666666666664,192.08333333333334,4.7,490.25,485.9166666666667,29.008333333333336,432.0,86.30629966666667,29.95590783333333
2024-07-30 13:35:00,1106.0,27.854545454545452,192.0,4.7,490.1818181818182,486.0,29.027272727272727,430.45454545454544,85.01064763636363,29.981862363636363
2024-07-30 13:40:00,1106.75,27.925,192.25,4.7,490.6666666666667,486.25,29.058333333333334,430.0833333333333,85.91668616666668,30.037575416666666
2024-07-30 13:45:00,1108.0833333333333,27.825000000000003,192.58333333333334,4.7,491.4166666666667,486.75,29.083333333333332,433.8333333333333,84.97812858333333,30.046253833333335
2024-07-30 13:50:00,1109.6363636363637,27.90909090909091,192.9090909090909,4.7,492.1818181818182,487.45454545454544,29.09090909090909,416.1818181818182,84.27627190909091,29.911706000000002
2024-07-30 13:55:00,1108.5,27.830000000000002,192.7,4.7,491.6,486.9,29.1,418.8,83.9453721,29.940909299999998
2024-07-30 14:00:00,1108.8333333333333,28.03333333333333,192.83333333333334,4.7,491.8333333333333,487.0,29.100000000000005,423.6666666666667,84.66430050000001,30.1308145
2024-07-30 14:05:00,1112.111111111111,28.799999999999997,193.33333333333334,4.7,493.3333333333333,488.6666666666667,29.122222222222224,443.44444444444446,85.42153011111111,30.292888555555553
2024-07-30 14:10:00,1111.3333333333333,27.53333333333333,193.25,4.7,492.9166666666667,488.1666666666667,29.150000000000002,431.5,83.95946258333333,30.137045333333333
2024-07-30 14:15:00,1112.9,27.889999999999997,193.4,4.7,493.6,489.0,29.160000000000004,429.7,85.4958428,30.230907000000002
2024-07-30 14:20:00,1110.6363636363637,27.718181818181815,193.0909090909091,4.7,492.72727272727275,487.8181818181818,29.19090909090909,435.6363636363636,84.44731272727273,30.22097881818182
2024-07-30 14:25:00,1111.5,28.130000000000003,193.3,4.7,493.0,488.5,29.2,441.4,85.583582,30.321164399999997
2024-07-30 14:30:00,1112.8461538461538,27.86923076923077,193.53846153846155,4.7,493.6923076923077,489.15384615384613,29.199999999999996,433.15384615384613,84.20045584615384,30.26650469230769
2024-07-30 14:35:00,1112.3,28.65,193.4,4.7,493.3,488.9,29.22,442.6,86.4425121,30.3470665
2024-07-30 14:40:00,1117.0,28.241666666666664,194.33333333333334,4.7,495.25,491.25,29.266666666666666,456.0,86.51344074999999,30.261437916666665
2024-07-30 14:45:00,1115.3636363636363,28.045454545454547,194.0909090909091,4.7,494.54545454545456,490.54545454545456,29.3,440.27272727272725,85.47549154545455,30.251808636363638
2024-07-30 14:50:00,1116.0,27.883333333333336,194.16666666666666,4.7,495.0,490.8333333333333,29.3,440.9166666666667,85.61531774999999,30.196459666666666
2024-07-30 14:55:00,1116.4545454545455,28.11818181818182,194.27272727272728,4.7,495.09090909090907,491.09090909090907,29.3,439.6363636363636,85.28281136363636,30.220250272727274
2024-07-30 15:00:00,1115.0,27.96666666666667,194.0,4.7,494.5,490.4166666666667,29.3,437.0833333333333,85.73968075,30.19512475
2024-07-30 15:05:00,1117.6,28.610000000000003,194.3,4.7,495.6,491.5,29.3,435.3,85.4166465,30.1881819
2024-07-30 15:10:00,1118.6153846153845,27.846153846153847,194.69230769230768,4.7,496.2307692307692,492.2307692307692,29.346153846153847,434.3076923076923,85.49465507692307,30.237952692307694
2024-07-30 15:15:00,1118.25,28.508333333333336,194.41666666666666,4.7,495.8333333333333,491.8333333333333,29.391666666666666,431.5,85.52376650000001,30.145056083333333
2024-07-30 15:20:00,1119.4545454545455,27.645454545454548,194.72727272727272,4.7,496.54545454545456,492.54545454545456,29.4,439.45454545454544,85.29696190909091,30.224862454545452
2024-07-30 15:25:00,1121.2,27.95,195.1,4.7,497.5,493.5,29.4,436.2,85.1253545,30.088311800000003
2024-07-30 15:30:00,1121.0,28.59166666666667,194.91666666666666,4.7,497.25,493.25,29.399999999999995,432.3333333333333,85.54589166666666,30.081190833333334
2024-07-30 15:35:00,1121.3333333333333,28.055555555555557,194.88888888888889,4.7,497.3333333333333,493.3333333333333,29.43333333333333,433.55555555555554,85.30539388888889,30.094394222222224
2024-07-30 15:40:00,1123.0,27.983333333333334,195.25,4.7,498.25,494.25,29.46666666666667,427.8333333333333,84.96528375,29.96703425
2024-07-30 15:45:00,1124.909090909091,27.94545454545454,195.72727272727272,4.7,499.27272727272725,495.27272727272725,29.481818181818184,422.72727272727275,85.45828945454546,29.938652
2024-07-30 15:50:00,1125.25,27.90833333333333,195.75,4.7,499.5,495.5,29.5,430.25,86.41985233333332,29.940553333333337
2024-07-30 15:55:00,1125.3333333333333,28.555555555555557,195.77777777777777,4.866666666666666,499.44444444444446,495.44444444444446,29.5,429.8888888888889,85.69992166666667,29.95494377777778
2024-07-30 16:00:00,1125.0,27.96666666666667,196.0,5.1,499.5833333333333,495.5833333333333,29.516666666666666,430.25,87.14300166666668,30.01198475
2024-07-30 16:05:00,1126.6,28.189999999999998,196.2,5.13,500.0,496.0,29.53,427.3,87.0305936,29.9750896
2024-07-30 16:10:00,1126.75,28.141666666666666,196.16666666666666,5.1,500.1666666666667,496.1666666666667,29.566666666666666,428.3333333333333,87.21828066666667,30.030899416666667
2024-07-30 16:15:00,1127.0,28.21666666666667,196.33333333333334,5.116666666666666,500.1666666666667,496.4166666666667,29.600000000000005,428.9166666666667,86.89949316666667,29.9674795
2024-07-30 16:20:00,1127.3636363636363,27.954545454545453,196.45454545454547,5.009090909090909,500.45454545454544,496.45454545454544,29.6,431.27272727272725,87.23235854545455,29.992543454545455
2024-07-30 16:25:00,1127.0,28.3,196.33333333333334,4.908333333333334,500.1666666666667,496.1666666666667,29.600000000000005,432.0833333333333,87.3458205,30.036240250000002
2024-07-30 16:30:00,1127.6363636363637,28.045454545454547,196.54545454545453,4.8909090909090915,500.54545454545456,496.54545454545456,29.6,426.54545454545456,86.99057445454545,29.94180736363636
2024-07-30 16:35:00,1128.4,28.78,196.5,4.82,501.0,497.0,29.6,419.3,86.3558403,29.7809569
2024-07-30 16:40:00,1129.25,27.683333333333334,196.91666666666666,4.8,501.5,497.5,29.600000000000005,418.4166666666667,87.30996116666667,29.860888583333335
2024-07-30 16:45:00,1132.75,28.46666666666667,197.41666666666666,4.8,503.0833333333333,499.1666666666667,29.608333333333334,428.9166666666667,87.60331516666666,29.930762166666668
2024-07-30 16:50:00,1132.1818181818182,27.972727272727273,197.0,4.8,502.27272727272725,498.27272727272725,29.654545454545453,432.72727272727275,87.7549129090909,29.923115545454547
2024-07-30 16:55:00,1130.25,28.041666666666668,196.91666666666666,4.8,501.9166666666667,498.0,29.683333333333334,431.25,88.05511,29.971262083333333
2024-07-30 17:00:00,1131.4,28.57,196.9,4.8,502.7,498.7,29.689999999999998,427.3,87.7755402,29.8754866
2024-07-30 17:05:00,1131.5,28.125,197.16666666666666,4.8,502.5,498.5,29.7,423.0833333333333,87.58703916666667,29.80369908333333
2024-07-30 17:10:00,1131.7272727272727,27.94545454545454,197.1818181818182,4.8,502.90909090909093,498.90909090909093,29.7,452.54545454545456,89.21631081818181,30.070954363636364
2024-07-30 17:15:00,1134.4545454545455,27.61818181818182,197.8181818181818,4.8,504.0,500.0,29.7,441.72727272727275,87.81178690909091,29.942536090909087
2024-07-30 17:20:00,1133.0,28.67777777777778,197.33333333333334,4.8,503.3333333333333,499.3333333333333,29.700000000000003,428.44444444444446,87.83550622222222,29.917855777777774
2024-07-30 17:25:00,1131.75,27.733333333333334,197.16666666666666,4.808333333333333,502.5833333333333,498.5833333333333,29.708333333333332,427.75,87.440298,29.904726666666665
2024-07-30 17:30:00,1134.3333333333333,28.333333333333332,197.77777777777777,4.966666666666667,503.8888888888889,499.8888888888889,29.744444444444444,418.55555555555554,86.74398000000001,29.788196333333335
2024-07-30 17:35:00,1133.8461538461538,28.1,197.53846153846155,4.946153846153846,503.6923076923077,499.6923076923077,29.792307692307695,425.0,87.35695923076923,29.823230230769234
2024-07-30 17:40:00,1133.909090909091,27.863636363636363,197.8181818181818,4.818181818181818,503.6363636363636,499.6363636363636,29.8,429.45454545454544,87.35027118181819,29.865096636363635
2024-07-30 17:45:00,1136.0,27.78333333333333,198.16666666666666,4.8,504.6666666666667,500.6666666666667,29.791666666666668,437.6666666666667,88.04557408333334,29.924976333333333
2024-07-30 17:50:00,1138.0,28.44545454545454,198.63636363636363,4.8,505.54545454545456,501.54545454545456,29.8,451.27272727272725,88.50343636363637,30.034783727272725
2024-07-30 17:55:00,1138.4545454545455,28.00909090909091,198.72727272727272,4.8,505.90909090909093,501.90909090909093,29.8,465.8181818181818,89.16678763636364,30.08260663636364
2024-07-30 18:00:00,1136.090909090909,27.636363636363637,198.27272727272728,4.8,504.72727272727275,500.72727272727275,29.8,445.09090909090907,87.91166363636363,29.933068000000002
2024-07-30 18:05:00,1139.4,28.380000000000003,198.9,4.8,506.3,502.3,29.8,434.2,87.7532625,29.7483789
2024-07-30 18:10:00,1136.909090909091,28.436363636363637,198.36363636363637,4.827272727272727,505.09090909090907,501.09090909090907,29.8,430.6363636363636,87.17506818181818,29.755855454545454
2024-07-30 18:15:00,1140.4,27.98,199.1,4.9,506.8,502.8,29.8,425.5,87.6908521,29.674944800000002
2024-07-30 18:20:00,1141.5,28.208333333333332,199.33333333333334,4.9,507.1666666666667,503.1666666666667,29.8,424.25,89.16253425000001,29.571157666666664
2024-07-30 18:25:00,1141.5454545454545,27.7,199.27272727272728,4.9,507.1818181818182,503.1818181818182,29.8,427.6363636363636,90.00964054545454,29.636419363636364
2024-07-30 18:30:00,1141.5,28.416666666666668,199.25,4.866666666666667,507.0833333333333,503.0833333333333,29.8,433.6666666666667,90.56674583333334,29.68353408333333
2024-07-30 18:35:00,1142.909090909091,28.372727272727275,199.63636363636363,4.8909090909090915,507.6363636363636,503.6363636363636,29.836363636363636,430.09090909090907,91.17501554545454,29.600005818181817
2024-07-30 18:40:00,1145.1666666666667,28.283333333333335,200.08333333333334,4.9,508.6666666666667,504.6666666666667,29.858333333333334,432.6666666666667,92.12265883333333,29.647707416666666
2024-07-30 18:45:00,1144.1,28.24,199.9,4.9,508.3,504.3,29.880000000000003,435.8,92.2623029,29.6517124
2024-07-30 18:50:00,1143.0833333333333,28.316666666666666,199.66666666666666,4.8,507.75,503.75,29.858333333333334,439.6666666666667,93.15772625,29.702004083333335
2024-07-30 18:55:00,1143.5,28.340000000000003,199.8,4.83,508.0,504.0,29.9,442.3,93.558557,29.6717402
2024-07-30 19:00:00,1144.4166666666667,28.150000000000002,199.83333333333334,4.891666666666667,508.25,504.25,29.899999999999995,438.9166666666667,93.76414608333333,29.603423833333334
2024-07-30 19:05:00,1145.7,28.3,200.2,4.8100000000000005,509.1,505.1,29.9,442.9,93.80346449999999,29.6407645
2024-07-30 19:10:00,1144.4166666666667,28.233333333333334,199.91666666666666,4.858333333333333,508.3333333333333,504.3333333333333,29.899999999999995,437.1666666666667,94.095903,29.527764916666666
2024-07-30 19:15:00,1143.7,28.05,199.7,4.82,508.0,504.0,29.9,449.1,94.094759,29.584153500000003
2024-07-30 19:20:00,1157.6363636363637,29.636363636363637,202.54545454545453,4.9,514.9090909090909,510.90909090909093,29.9,447.1818181818182,94.40298963636364,29.489307999999998
2024-07-30 19:25:00,1163.75,29.416666666666668,203.83333333333334,4.866666666666667,518.1666666666666,514.0833333333334,29.899999999999995,450.9166666666667,94.35632249999999,29.573160583333333
2024-07-30 19:30:00,1162.909090909091,30.49090909090909,203.72727272727272,4.9,517.7272727272727,513.7272727272727,29.9,452.6363636363636,94.29035227272726,29.507515272727275
2024-07-30 19:35:00,1157.076923076923,29.238461538461536,202.3846153846154,4.9,514.8461538461538,510.84615384615387,29.915384615384614,448.61538461538464,94.58738761538461,29.464173307692306
2024-07-30 19:40:00,1155.4,28.810000000000002,202.2,4.84,514.0,510.0,29.9,460.6,94.6904701,29.527542099999998
2024-07-30 19:45:00,1158.5454545454545,28.872727272727275,202.9090909090909,4.8,515.4545454545455,511.54545454545456,29.918181818181814,452.8181818181818,94.56834318181818,29.42182181818182
2024-07-30 19:50:00,1159.25,28.599999999999998,203.0,4.8,515.8333333333334,511.8333333333333,29.924999999999997,461.6666666666667,95.03954541666667,29.48926775
2024-07-30 19:55:00,1159.3636363636363,29.063636363636363,202.9090909090909,4.8,516.0,512.0,29.94545454545454,456.45454545454544,94.76046818181818,29.512855363636366
2024-07-30 20:00:00,1161.0,28.8,203.3,4.8,516.8,512.8,29.97,464.2,94.8992157,29.4952313
2024-07-30 20:05:00,1160.7272727272727,28.03636363636364,203.1818181818182,4.8,516.6363636363636,512.6363636363636,29.972727272727273,460.3636363636364,94.94094100000001,29.414781909090905
2024-07-30 20:10:00,1160.25,28.474999999999998,203.16666666666666,4.8,516.3333333333334,512.3333333333334,29.983333333333334,454.8333333333333,94.99046083333333,29.300119416666664
2024-07-30 20:15:00,1163.1818181818182,28.781818181818185,203.8181818181818,4.8,518.0,514.0,29.99090909090909,443.6363636363636,94.79667363636364,29.25747481818182
2024-07-30 20:20:00,1162.5,28.419999999999998,203.7,4.8,517.4,513.4,29.98,448.6,94.9286645,29.3251316
2024-07-30 20:25:00,1162.0,28.775000000000002,203.5,4.8,517.25,513.25,29.974999999999998,454.25,94.958801,29.324152666666667
2024-07-30 20:30:00,1163.0,29.033333333333335,203.88888888888889,4.8,517.6666666666666,513.6666666666666,29.95555555555556,462.1111111111111,95.18984833333333,29.38022922222222
2024-07-30 20:35:00,1161.6923076923076,28.376923076923074,203.30769230769232,4.8,517.1538461538462,513.1538461538462,29.976923076923075,461.46153846153845,95.19152976923077,29.21028676923077
2024-07-30 20:40:00,1163.909090909091,28.145454545454548,203.9090909090909,4.8,518.2727272727273,514.2727272727273,30.0,443.6363636363636,95.46002536363636,29.001366636363638
2024-07-30 20:45:00,1163.6666666666667,28.616666666666664,203.91666666666666,4.8,518.1666666666666,514.1666666666666,29.983333333333334,452.3333333333333,95.42178416666667,29.214891416666664
2024-07-30 20:50:00,1161.6,28.110000000000003,203.5,4.8,517.1,513.2,30.0,460.9,95.3421829,29.2914855
2024-07-30 20:55:00,1162.6666666666667,28.055555555555557,203.55555555555554,4.8,517.6666666666666,513.6666666666666,29.988888888888887,466.6666666666667,95.35176433333334,29.32533955555555
2024-07-30 21:00:00,1163.75,28.808333333333334,203.83333333333334,4.766666666666667,518.1666666666666,514.25,29.958333333333332,471.4166666666667,95.45446341666667,29.303457249999997
2024-07-30 21:05:00,1165.0,27.944444444444443,204.11111111111111,4.7,518.5555555555555,514.5555555555555,29.95555555555556,469.55555555555554,95.71272266666666,29.29655911111111
2024-07-30 21:10:00,1164.6923076923076,28.83076923076923,204.15384615384616,4.7,518.4615384615385,514.5384615384615,30.0,476.7692307692308,95.84755092307692,29.313813384615383
2024-07-30 21:15:00,1163.3333333333333,28.38888888888889,203.88888888888889,4.7,517.7777777777778,513.7777777777778,29.944444444444443,475.6666666666667,95.32938344444445,29.28854811111111
2024-07-30 21:20:00,1164.8181818181818,28.427272727272726,204.1818181818182,4.7,518.6363636363636,514.6363636363636,29.927272727272726,452.8181818181818,94.79930818181819,29.01666
2024-07-30 21:25:00,1164.3,28.53,204.2,4.7,518.4,514.4,29.909999999999997,455.3,94.8130021,29.1107041
2024-07-30 21:30:00,1164.5454545454545,29.027272727272727,204.0,4.7,518.3636363636364,514.3636363636364,29.918181818181814,455.45454545454544,95.1769009090909,29.068367454545456
2024-07-30 21:35:00,1165.5,27.830000000000002,204.3,4.7,519.0,515.1,29.919999999999998,459.5,94.733042,29.029793
2024-07-30 21:40:00,1168.5,28.84166666666667,205.0,4.7,520.3333333333334,516.5,29.899999999999995,457.4166666666667,94.87462166666667,29.14301525
2024-07-30 21:45:00,1167.0,28.189999999999998,204.8,4.7,519.7,515.8,29.9,472.9,95.189746,29.2394143
2024-07-30 21:50:00,1167.4615384615386,27.953846153846158,204.76923076923077,4.7,519.8461538461538,515.9230769230769,29.9,491.38461538461536,95.441308,29.264926
2024-07-30 21:55:00,1166.0,28.466666666666665,204.66666666666666,4.7,519.3333333333334,515.3333333333334,29.899999999999995,500.22222222222223,96.04299555555556,29.296262666666664
2024-07-30 22:00:00,1167.0,28.77692307692308,204.76923076923077,4.7,519.6923076923077,515.7692307692307,29.9,473.9230769230769,94.86733600000001,29.148869076923077
2024-07-30 22:05:00,1164.9,29.9,204.4,4.7,518.7,514.7,29.9,464.5,94.5830484,29.108034200000002
2024-07-30 22:10:00,1167.0,28.13076923076923,204.69230769230768,4.7,519.6153846153846,515.6153846153846,29.9,458.84615384615387,94.3059196923077,29.056024153846156
2024-07-30 22:15:00,1168.5,28.1,204.9,4.7,520.3,516.4,29.9,452.6,94.474249,29.024987
2024-07-30 22:20:00,1167.8181818181818,27.94545454545455,204.9090909090909,4.7,519.5454545454545,515.5454545454545,29.9,458.1818181818182,94.605104,29.070552636363633
2024-07-30 22:25:00,1167.2727272727273,28.345454545454547,204.72727272727272,4.718181818181818,519.9090909090909,515.9090909090909,29.9,479.0,95.5948590909091,29.195572272727272
2024-07-30 22:30:00,1169.8333333333333,27.891666666666666,205.25,4.891666666666667,521.0,517.1666666666666,29.866666666666664,480.3333333333333,95.1132975,29.140567416666666
2024-07-30 22:35:00,1168.2,28.96,205.0,4.529999999999999,520.2,516.3,29.880000000000003,465.7,94.519571,29.036469099999998
2024-07-30 22:40:00,1169.25,28.108333333333334,205.08333333333334,4.691666666666667,520.75,516.75,29.833333333333332,461.4166666666667,94.64230366666668,28.975230083333333
2024-07-30 22:45:00,1171.909090909091,28.19090909090909,205.8181818181818,4.70909090909091,521.9090909090909,518.1818181818181,29.836363636363636,463.45454545454544,94.69166327272727,29.066182636363635
2024-07-30 22:50:00,1170.1666666666667,28.583333333333332,205.33333333333334,4.7,521.1666666666666,517.3333333333334,29.8,466.5,94.51959516666666,29.043322833333335
2024-07-30 22:55:00,1167.8181818181818,28.672727272727272,204.9090909090909,4.7,520.0909090909091,516.0909090909091,29.818181818181817,459.90909090909093,94.08532490909091,28.915915909090906
2024-07-30 23:00:00,1169.3636363636363,27.681818181818183,205.0909090909091,4.7,520.6363636363636,516.8181818181819,29.8,457.27272727272725,94.40063145454546,28.924412454545458
2024-07-30 23:05:00,1168.909090909091,28.772727272727273,205.0,4.7,520.6363636363636,516.6363636363636,29.8,454.8181818181818,94.26843400000001,28.887027636363634
2024-07-30 23:10:00,1168.090909090909,28.527272727272727,204.9090909090909,4.7,520.0909090909091,516.1818181818181,29.8,450.45454545454544,94.30699963636363,28.856683272727274
2024-07-30 23:15:00,1169.5,28.633333333333336,205.0,4.7,520.8333333333334,516.8333333333334,29.8,456.5,94.47470866666667,28.875760083333333
2024-07-30 23:20:00,1167.5454545454545,27.836363636363636,204.9090909090909,4.7,520.0909090909091,516.1818181818181,29.8,461.3636363636364,94.54573390909091,28.868820545454547
2024-07-30 23:25:00,1168.0,29.025000000000002,204.83333333333334,4.7,520.0,516.1666666666666,29.8,461.3333333333333,94.5286225,28.89756733333333
2024-07-30 23:30:00,1172.1,28.07,205.7,4.7,522.1,518.2,29.8,463.3,94.699319,28.927252600000003
2024-07-30 23:35:00,1169.25,28.516666666666666,205.25,4.7,520.75,516.9166666666666,29.8,446.1666666666667,94.12705741666666,28.6990735
2024-07-30 23:40:00,1167.75,28.075,205.0,4.7,520.25,516.25,29.8,454.5,94.66849641666666,28.821908750000002
2024-07-30 23:45:00,1169.909090909091,28.427272727272726,205.45454545454547,4.7,521.0909090909091,517.2727272727273,29.781818181818185,452.09090909090907,94.20379145454545,28.777058363636364
2024-07-30 23:50:00,1170.9166666666667,27.599999999999998,205.5,4.7,521.5,517.75,29.75,447.3333333333333,94.585463,28.713982583333333
2024-07-30 23:55:00,1169.0,28.97,205.0,4.7,520.6,516.6,29.72,454.4,95.04661660000001,28.7616918
2024-07-31 00:00:00,1167.75,28.200000000000003,204.83333333333334,4.7,520.0833333333334,516.1666666666666,29.7,452.5,94.89560083333333,28.671034833333334
2024-07-31 00:05:00,1169.090909090909,28.60909090909091,205.0909090909091,4.7,520.5454545454545,516.7272727272727,29.7,455.3636363636364,95.20741881818181,28.737246454545456
2024-07-31 00:10:00,1168.909090909091,28.70909090909091,204.9090909090909,4.7,520.4545454545455,516.6363636363636,29.7,457.27272727272725,95.34599827272727,28.716612181818178
2024-07-31 00:15:00,1169.5,28.675,205.33333333333334,4.7,521.0,517.0,29.7,455.5,95.48803466666668,28.66413625
2024-07-31 00:20:00,1169.1818181818182,28.136363636363637,205.0909090909091,4.7,520.6363636363636,516.9090909090909,29.7,459.8181818181818,95.97120281818182,28.68189809090909
2024-07-31 00:25:00,1171.090909090909,28.472727272727273,205.63636363636363,4.7,521.4545454545455,517.9090909090909,29.7,462.8181818181818,96.02877027272729,28.732148363636362
2024-07-31 00:30:00,1169.5,27.700000000000003,205.08333333333334,4.7,520.75,516.9166666666666,29.691666666666666,464.0833333333333,95.86951116666667,28.74513591666667
2024-07-31 00:35:00,1168.2,28.060000000000002,204.9,4.7,520.3,516.3,29.7,484.4,96.6886388,28.826047
2024-07-31 00:40:00,1169.5454545454545,27.990909090909096,205.0909090909091,4.7,520.8181818181819,516.9090909090909,29.663636363636364,475.3636363636364,96.21659663636363,28.769290545454545
2024-07-31 00:45:00,1170.8461538461538,29.853846153846156,205.46153846153845,4.7,521.4615384615385,517.6923076923077,29.615384615384617,461.7692307692308,95.91011400000001,28.679918615384615
2024-07-31 00:50:00,1169.909090909091,28.145454545454548,205.27272727272728,4.690909090909091,520.8181818181819,517.0,29.636363636363637,479.0,97.02074536363635,28.860081454545455
2024-07-31 00:55:00,1168.6666666666667,28.366666666666667,205.0,4.611111111111111,520.4444444444445,516.5555555555555,29.61111111111111,487.8888888888889,96.51399133333332,28.832812000000004
2024-07-31 01:00:00,1170.25,28.34166666666667,205.33333333333334,4.6,521.0833333333334,517.3333333333334,29.61666666666667,462.3333333333333,95.99094758333332,28.6861665
2024-07-31 01:05:00,1169.1,28.52,205.2,4.6,520.7,516.8,29.6,487.0,97.2938135,28.8538184
2024-07-31 01:10:00,1169.076923076923,28.315384615384616,205.15384615384616,4.6,520.7692307692307,516.7692307692307,29.6,501.46153846153845,97.12367338461539,28.85862546153846
2024-07-31 01:15:00,1168.8,28.419999999999998,205.0,4.6,520.5,516.5,29.6,497.1,97.27580789999999,28.852750800000003
2024-07-31 01:20:00,1170.5,28.791666666666668,205.5,4.6,521.4166666666666,517.4166666666666,29.600000000000005,490.25,96.65102708333335,28.786749083333333
2024-07-31 01:25:00,1168.8,28.49,205.0,4.6,520.5,516.7,29.6,484.3,96.5899121,28.764896900000004
2024-07-31 01:30:00,1168.8461538461538,28.192307692307693,205.23076923076923,4.6,520.6153846153846,516.8461538461538,29.6,477.7692307692308,96.26529538461538,28.731476769230767
2024-07-31 01:35:00,1168.25,27.724999999999998,205.16666666666666,4.6,520.5,516.75,29.600000000000005,471.5833333333333,95.77693741666667,28.68171575
2024-07-31 01:40:00,1172.25,28.400000000000002,205.83333333333334,4.6,522.0,518.1666666666666,29.600000000000005,466.0,95.60298616666667,28.653009416666666
2024-07-31 01:45:00,1169.7272727272727,28.1,205.0909090909091,4.6,520.8181818181819,517.0909090909091,29.59090909090909,481.90909090909093,96.36599454545454,28.75253981818182
2024-07-31 01:50:00,1171.0,28.066666666666666,205.5,4.6,521.25,517.75,29.59166666666667,479.4166666666667,95.57335766666667,28.71442725
2024-07-31 01:55:00,1173.2,28.619999999999997,206.1,4.6,522.4,518.8,29.590000000000003,475.1,95.844358,28.709353799999995
2024-07-31 02:00:00,1179.1818181818182,28.227272727272727,207.45454545454547,4.6,525.4545454545455,521.4545454545455,29.55454545454546,492.45454545454544,96.40233927272726,28.78919636363636
2024-07-31 02:05:00,1178.2727272727273,28.563636363636363,207.0909090909091,4.6,525.0,521.1818181818181,29.5,492.90909090909093,95.50746636363637,28.73724690909091
2024-07-31 02:10:00,1179.3333333333333,28.458333333333332,207.41666666666666,4.608333333333333,525.5,521.5,29.525000000000002,471.0,94.76297541666666,28.615402916666667
2024-07-31 02:15:00,1176.1818181818182,28.236363636363638,206.8181818181818,4.6,524.0,520.0,29.5,466.72727272727275,94.9738159090909,28.642814090909095
2024-07-31 02:20:00,1175.0833333333333,28.433333333333334,206.58333333333334,4.75,523.4166666666666,519.5833333333334,29.5,488.0,96.11530783333335,28.75025408333333
2024-07-31 02:25:00,1171.6363636363637,27.663636363636364,205.9090909090909,4.690909090909091,522.0,518.4545454545455,29.5,506.3636363636364,96.14362818181817,28.75254009090909
2024-07-31 02:30:00,1173.3,28.0,206.1,4.9399999999999995,522.4,518.9,29.5,490.5,95.4369425,28.667429700000003
2024-07-31 02:35:00,1170.75,29.45,205.41666666666666,4.7,521.25,517.6666666666666,29.5,470.6666666666667,94.62551833333333,28.552204916666668
2024-07-31 02:40:00,1172.1818181818182,28.063636363636363,205.72727272727272,4.6090909090909085,521.8181818181819,518.3636363636364,29.49090909090909,460.54545454545456,95.24057127272727,28.552022636363635
2024-07-31 02:45:00,1172.25,29.125,205.75,4.6,521.875,518.375,29.4875,481.75,95.774015375,28.66736325
